00:00 +0: loading C:/dev/ahdash11/mobile/test/visual/global_refinement_responsive_test.dart
00:00 +0: 360x800_scale1.3 party (setUpAll)
00:00 +0: 360x800_scale1.3 party V10 Phase B 06_categories_390x844
00:02 +1: 360x800_scale1.3 party V10 Phase B 06_search_keyboard_390x844
00:02 +2: 360x800_scale1.3 party V10 Phase B 07_detail_390x844
00:02 +3: 360x800_scale1.3 party V10 Phase B 08_teams_390x844
00:02 +4: 360x800_scale1.3 party V10 Phase B 08_teams_keyboard_390x844
00:02 +5: 360x800_scale1.3 party V10 Phase B 09_splitter_390x844
00:03 +6: 360x800_scale1.3 party V10 Phase B 09_splitter_keyboard_390x844
00:03 +7: 360x800_scale1.3 party V10 Phase B 10_helpers_390x844
00:03 +8: 360x800_scale1.3 party V10 Phase B 11_ready_390x844
00:03 +9: 360x800_scale1.3 party V10 Phase B 12_board_390x844
00:03 +10: 360x800_scale1.3 party V10 Phase B 13_text_390x844
00:03 +11: 360x800_scale1.3 party V10 Phase B 14_image_390x844
00:04 +12: 360x800_scale1.3 party V10 Phase B 15_reveal_390x844
══╡ EXCEPTION CAUGHT BY RENDERING LIBRARY ╞═════════════════════════════════════════════════════════
The following assertion was thrown during performLayout():
BoxConstraints forces an infinite height.
These invalid constraints were provided to RenderSemanticsAnnotations's layout() function by the
following function, which probably computed the invalid constraints in question:
  RenderConstrainedBox.performLayout (package:flutter/src/rendering/proxy_box.dart:296:14)
The offending constraints were:
  BoxConstraints(w=320.0, h=Infinity)

The relevant error-causing widget was:
  SizedBox.expand
  SizedBox:file:///C:/dev/ahdash11/mobile/lib/features/party/presentation/party_game_screens.dart:2562:50

When the exception was thrown, this was the stack:
#0      BoxConstraints.debugAssertIsValid.<anonymous closure>.throwError (package:flutter/src/rendering/box.dart:549:9)
#1      BoxConstraints.debugAssertIsValid.<anonymous closure> (package:flutter/src/rendering/box.dart:614:11)
#2      BoxConstraints.debugAssertIsValid (package:flutter/src/rendering/box.dart:619:6)
#3      RenderObject.layout (package:flutter/src/rendering/object.dart:2823:19)
#4      RenderConstrainedBox.performLayout (package:flutter/src/rendering/proxy_box.dart:296:14)
#5      RenderObject.layout (package:flutter/src/rendering/object.dart:2923:7)
#6      RenderConstrainedBox.performLayout (package:flutter/src/rendering/proxy_box.dart:296:14)
#7      RenderObject.layout (package:flutter/src/rendering/object.dart:2923:7)
#8      ChildLayoutHelper.layoutChild (package:flutter/src/rendering/layout_helper.dart:62:11)
#9      RenderFlex._computeSizes (package:flutter/src/rendering/flex.dart:1237:28)
#10     RenderFlex.performLayout (package:flutter/src/rendering/flex.dart:1329:32)
#11     RenderObject.layout (package:flutter/src/rendering/object.dart:2923:7)
#12     RenderPadding.performLayout (package:flutter/src/rendering/shifted_box.dart:262:12)
#13     RenderObject.layout (package:flutter/src/rendering/object.dart:2923:7)
#14     _RenderSingleChildViewport.performLayout (package:flutter/src/widgets/single_child_scroll_view.dart:502:14)
#15     RenderObject.layout (package:flutter/src/rendering/object.dart:2923:7)
#16     RenderProxyBoxMixin.performLayout (package:flutter/src/rendering/proxy_box.dart:118:18)
#17     RenderObject.layout (package:flutter/src/rendering/object.dart:2923:7)
#18     RenderProxyBoxMixin.performLayout (package:flutter/src/rendering/proxy_box.dart:118:18)
#19     RenderObject.layout (package:flutter/src/rendering/object.dart:2923:7)
#20     RenderProxyBoxMixin.performLayout (package:flutter/src/rendering/proxy_box.dart:118:18)
#21     RenderObject.layout (package:flutter/src/rendering/object.dart:2923:7)
#22     RenderProxyBoxMixin.performLayout (package:flutter/src/rendering/proxy_box.dart:118:18)
#23     RenderObject.layout (package:flutter/src/rendering/object.dart:2923:7)
#24     RenderProxyBoxMixin.performLayout (package:flutter/src/rendering/proxy_box.dart:118:18)
#25     RenderObject.layout (package:flutter/src/rendering/object.dart:2923:7)
#26     RenderProxyBoxMixin.performLayout (package:flutter/src/rendering/proxy_box.dart:118:18)
#27     RenderObject.layout (package:flutter/src/rendering/object.dart:2923:7)
#28     RenderProxyBoxMixin.performLayout (package:flutter/src/rendering/proxy_box.dart:118:18)
#29     RenderObject.layout (package:flutter/src/rendering/object.dart:2923:7)
#30     RenderProxyBoxMixin.performLayout (package:flutter/src/rendering/proxy_box.dart:118:18)
#31     _RenderCustomClip.performLayout (package:flutter/src/rendering/proxy_box.dart:1549:11)
#32     RenderObject.layout (package:flutter/src/rendering/object.dart:2923:7)
#33     ChildLayoutHelper.layoutChild (package:flutter/src/rendering/layout_helper.dart:62:11)
#34     RenderFlex._computeSizes (package:flutter/src/rendering/flex.dart:1275:26)
#35     RenderFlex.performLayout (package:flutter/src/rendering/flex.dart:1329:32)
#36     RenderObject.layout (package:flutter/src/rendering/object.dart:2923:7)
#37     RenderPadding.performLayout (package:flutter/src/rendering/shifted_box.dart:262:12)
#38     RenderObject.layout (package:flutter/src/rendering/object.dart:2923:7)
#39     RenderProxyBoxMixin.performLayout (package:flutter/src/rendering/proxy_box.dart:118:18)
#40     RenderObject.layout (package:flutter/src/rendering/object.dart:2923:7)
#41     ChildLayoutHelper.layoutChild (package:flutter/src/rendering/layout_helper.dart:62:11)
#42     RenderStack._computeSize (package:flutter/src/rendering/stack.dart:647:43)
#43     RenderStack.performLayout (package:flutter/src/rendering/stack.dart:682:12)
#44     RenderObject.layout (package:flutter/src/rendering/object.dart:2923:7)
#45     MultiChildLayoutDelegate.layoutChild (package:flutter/src/rendering/custom_layout.dart:180:12)
#46     _ScaffoldLayout.performLayout (package:flutter/src/material/scaffold.dart:1113:7)
#47     MultiChildLayoutDelegate._callPerformLayout (package:flutter/src/rendering/custom_layout.dart:246:7)
#48     RenderCustomMultiChildLayoutBox.performLayout (package:flutter/src/rendering/custom_layout.dart:417:14)
#49     RenderObject.layout (package:flutter/src/rendering/object.dart:2923:7)
#50     RenderProxyBoxMixin.performLayout (package:flutter/src/rendering/proxy_box.dart:118:18)
#51     RenderObject.layout (package:flutter/src/rendering/object.dart:2923:7)
#52     RenderProxyBoxMixin.performLayout (package:flutter/src/rendering/proxy_box.dart:118:18)
#53     _RenderCustomClip.performLayout (package:flutter/src/rendering/proxy_box.dart:1549:11)
#54     RenderObject.layout (package:flutter/src/rendering/object.dart:2923:7)
#55     RenderProxyBoxMixin.performLayout (package:flutter/src/rendering/proxy_box.dart:118:18)
#56     RenderObject.layout (package:flutter/src/rendering/object.dart:2923:7)
#57     RenderProxyBoxMixin.performLayout (package:flutter/src/rendering/proxy_box.dart:118:18)
#58     RenderObject.layout (package:flutter/src/rendering/object.dart:2923:7)
#59     RenderProxyBoxMixin.performLayout (package:flutter/src/rendering/proxy_box.dart:118:18)
#60     RenderObject.layout (package:flutter/src/rendering/object.dart:2923:7)
#61     RenderProxyBoxMixin.performLayout (package:flutter/src/rendering/proxy_box.dart:118:18)
#62     RenderObject.layout (package:flutter/src/rendering/object.dart:2923:7)
#63     RenderProxyBoxMixin.performLayout (package:flutter/src/rendering/proxy_box.dart:118:18)
#64     RenderObject.layout (package:flutter/src/rendering/object.dart:2923:7)
#65     RenderProxyBoxMixin.performLayout (package:flutter/src/rendering/proxy_box.dart:118:18)
#66     RenderObject.layout (package:flutter/src/rendering/object.dart:2923:7)
#67     RenderProxyBoxMixin.performLayout (package:flutter/src/rendering/proxy_box.dart:118:18)
#68     RenderObject.layout (package:flutter/src/rendering/object.dart:2923:7)
#69     RenderProxyBoxMixin.performLayout (package:flutter/src/rendering/proxy_box.dart:118:18)
#70     RenderObject.layout (package:flutter/src/rendering/object.dart:2923:7)
#71     RenderProxyBoxMixin.performLayout (package:flutter/src/rendering/proxy_box.dart:118:18)
#72     RenderObject.layout (package:flutter/src/rendering/object.dart:2923:7)
#73     RenderProxyBoxMixin.performLayout (package:flutter/src/rendering/proxy_box.dart:118:18)
#74     RenderObject.layout (package:flutter/src/rendering/object.dart:2923:7)
#75     RenderProxyBoxMixin.performLayout (package:flutter/src/rendering/proxy_box.dart:118:18)
#76     RenderObject.layout (package:flutter/src/rendering/object.dart:2923:7)
#77     RenderProxyBoxMixin.performLayout (package:flutter/src/rendering/proxy_box.dart:118:18)
#78     RenderObject.layout (package:flutter/src/rendering/object.dart:2923:7)
#79     RenderProxyBoxMixin.performLayout (package:flutter/src/rendering/proxy_box.dart:118:18)
#80     RenderObject.layout (package:flutter/src/rendering/object.dart:2923:7)
#81     RenderProxyBoxMixin.performLayout (package:flutter/src/rendering/proxy_box.dart:118:18)
#82     RenderObject.layout (package:flutter/src/rendering/object.dart:2923:7)
#83     RenderProxyBoxMixin.performLayout (package:flutter/src/rendering/proxy_box.dart:118:18)
#84     RenderObject.layout (package:flutter/src/rendering/object.dart:2923:7)
#85     RenderProxyBoxMixin.performLayout (package:flutter/src/rendering/proxy_box.dart:118:18)
#86     RenderObject.layout (package:flutter/src/rendering/object.dart:2923:7)
#87     RenderProxyBoxMixin.performLayout (package:flutter/src/rendering/proxy_box.dart:118:18)
#88     RenderOffstage.performLayout (package:flutter/src/rendering/proxy_box.dart:3923:13)
#89     RenderObject.layout (package:flutter/src/rendering/object.dart:2923:7)
#90     RenderProxyBoxMixin.performLayout (package:flutter/src/rendering/proxy_box.dart:118:18)
#91     RenderObject.layout (package:flutter/src/rendering/object.dart:2923:7)
#92     _RenderTheaterMixin.layoutChild (package:flutter/src/widgets/overlay.dart:1124:13)
#93     _RenderTheater.performLayout (package:flutter/src/widgets/overlay.dart:1482:9)
#94     RenderObject.layout (package:flutter/src/rendering/object.dart:2923:7)
#95     RenderProxyBoxMixin.performLayout (package:flutter/src/rendering/proxy_box.dart:118:18)
#96     RenderObject.layout (package:flutter/src/rendering/object.dart:2923:7)
#97     RenderProxyBoxMixin.performLayout (package:flutter/src/rendering/proxy_box.dart:118:18)
#98     RenderObject.layout (package:flutter/src/rendering/object.dart:2923:7)
#99     RenderProxyBoxMixin.performLayout (package:flutter/src/rendering/proxy_box.dart:118:18)
#100    RenderObject.layout (package:flutter/src/rendering/object.dart:2923:7)
#101    RenderProxyBoxMixin.performLayout (package:flutter/src/rendering/proxy_box.dart:118:18)
#102    RenderObject.layout (package:flutter/src/rendering/object.dart:2923:7)
#103    RenderProxyBoxMixin.performLayout (package:flutter/src/rendering/proxy_box.dart:118:18)
#104    RenderObject.layout (package:flutter/src/rendering/object.dart:2923:7)
#105    RenderProxyBoxMixin.performLayout (package:flutter/src/rendering/proxy_box.dart:118:18)
#106    RenderObject.layout (package:flutter/src/rendering/object.dart:2923:7)
#107    RenderProxyBoxMixin.performLayout (package:flutter/src/rendering/proxy_box.dart:118:18)
#108    RenderObject.layout (package:flutter/src/rendering/object.dart:2923:7)
#109    RenderProxyBoxMixin.performLayout (package:flutter/src/rendering/proxy_box.dart:118:18)
#110    RenderObject.layout (package:flutter/src/rendering/object.dart:2923:7)
#111    RenderProxyBoxMixin.performLayout (package:flutter/src/rendering/proxy_box.dart:118:18)
#112    RenderObject.layout (package:flutter/src/rendering/object.dart:2923:7)
#113    RenderView.performLayout (package:flutter/src/rendering/view.dart:292:12)
#114    RenderObject._layoutWithoutResize (package:flutter/src/rendering/object.dart:2771:7)
#115    PipelineOwner.flushLayout (package:flutter/src/rendering/object.dart:1174:18)
#116    PipelineOwner.flushLayout (package:flutter/src/rendering/object.dart:1187:15)
#117    AutomatedTestWidgetsFlutterBinding.drawFrame (package:flutter_test/src/binding.dart:2434:27)
#118    RendererBinding._handlePersistentFrameCallback (package:flutter/src/rendering/binding.dart:558:5)
#119    SchedulerBinding._invokeFrameCallback (package:flutter/src/scheduler/binding.dart:1430:15)
#120    SchedulerBinding.handleDrawFrame (package:flutter/src/scheduler/binding.dart:1345:9)
#121    AutomatedTestWidgetsFlutterBinding.pump.<anonymous closure> (package:flutter_test/src/binding.dart:2261:9)
#124    TestAsyncUtils.guard (package:flutter_test/src/test_async_utils.dart:74:41)
#125    AutomatedTestWidgetsFlutterBinding.pump (package:flutter_test/src/binding.dart:2250:27)
#126    WidgetTester.pumpWidget.<anonymous closure> (package:flutter_test/src/widget_tester.dart:598:22)
#129    TestAsyncUtils.guard (package:flutter_test/src/test_async_utils.dart:74:41)
#130    WidgetTester.pumpWidget (package:flutter_test/src/widget_tester.dart:595:27)
#131    _pumpGolden (file:///C:/dev/ahdash11/mobile/test/visual/v10_phase_b_golden_test.dart:420:16)
#132    registerVisualTests.<anonymous closure> (file:///C:/dev/ahdash11/mobile/test/visual/v10_phase_b_golden_test.dart:184:13)
#133    testWidgets.<anonymous closure>.<anonymous closure> (package:flutter_test/src/widget_tester.dart:192:29)
<asynchronous suspension>
#134    TestWidgetsFlutterBinding._runTestBody (package:flutter_test/src/binding.dart:1953:5)
<asynchronous suspension>
<asynchronous suspension>
(elided 5 frames from dart:async and package:stack_trace)

The following RenderObject was being processed when the exception was fired: RenderConstrainedBox#52bb9 relayoutBoundary=up13 NEEDS-PAINT NEEDS-COMPOSITING-BITS-UPDATE:
  creator: SizedBox.expand ← _PortraitAwardButton ← ConstrainedBox ← Column ← Padding ←
    _SingleChildViewport ← IgnorePointer-[GlobalKey#38224] ← Semantics ← Listener ← _GestureSemantics
    ← RawGestureDetector-[LabeledGlobalKey<RawGestureDetectorState>#3217f] ← Listener ← ⋯
  parentData: <none> (can use size)
  constraints: BoxConstraints(w=320.0, 56.0<=h<=Infinity)
  size: MISSING
  additionalConstraints: BoxConstraints(biggest)
This RenderObject had the following descendants (showing up to depth 5):
    child: RenderSemanticsAnnotations#95559 NEEDS-LAYOUT NEEDS-PAINT NEEDS-COMPOSITING-BITS-UPDATE
      child: _RenderInputPadding#349f9 NEEDS-LAYOUT NEEDS-PAINT NEEDS-COMPOSITING-BITS-UPDATE
        child: RenderConstrainedBox#cf3f3 NEEDS-LAYOUT NEEDS-PAINT NEEDS-COMPOSITING-BITS-UPDATE
          child: RenderPhysicalShape#04707 NEEDS-LAYOUT NEEDS-PAINT NEEDS-COMPOSITING-BITS-UPDATE
            child: RenderCustomPaint#7c355 NEEDS-LAYOUT NEEDS-PAINT NEEDS-COMPOSITING-BITS-UPDATE
════════════════════════════════════════════════════════════════════════════════════════════════════
══╡ EXCEPTION CAUGHT BY RENDERING LIBRARY ╞═════════════════════════════════════════════════════════
The following assertion was thrown during performLayout():
RenderBox was not laid out: RenderConstrainedBox#52bb9 relayoutBoundary=up13 NEEDS-PAINT
NEEDS-COMPOSITING-BITS-UPDATE
'package:flutter/src/rendering/box.dart':
Failed assertion: line 2251 pos 12: 'hasSize'

Either the assertion indicates an error in the framework itself, or we should provide substantially
more information in this error message to help you determine and fix the underlying cause.
In either case, please report this assertion by filing a bug on GitHub:
  https://github.com/flutter/flutter/issues/new?template=02_bug.yml

The relevant error-causing widget was:
  ConstrainedBox
  ConstrainedBox:file:///C:/dev/ahdash11/mobile/lib/features/party/presentation/party_game_screens.dart:2502:19

When the exception was thrown, this was the stack:
#2      RenderBox.size (package:flutter/src/rendering/box.dart:2251:12)
#3      RenderConstrainedBox.performLayout (package:flutter/src/rendering/proxy_box.dart:297:21)
#4      RenderObject.layout (package:flutter/src/rendering/object.dart:2923:7)
#5      ChildLayoutHelper.layoutChild (package:flutter/src/rendering/layout_helper.dart:62:11)
#6      RenderFlex._computeSizes (package:flutter/src/rendering/flex.dart:1237:28)
#7      RenderFlex.performLayout (package:flutter/src/rendering/flex.dart:1329:32)
#8      RenderObject.layout (package:flutter/src/rendering/object.dart:2923:7)
#9      RenderPadding.performLayout (package:flutter/src/rendering/shifted_box.dart:262:12)
#10     RenderObject.layout (package:flutter/src/rendering/object.dart:2923:7)
#11     _RenderSingleChildViewport.performLayout (package:flutter/src/widgets/single_child_scroll_view.dart:502:14)
#12     RenderObject.layout (package:flutter/src/rendering/object.dart:2923:7)
#13     RenderProxyBoxMixin.performLayout (package:flutter/src/rendering/proxy_box.dart:118:18)
#14     RenderObject.layout (package:flutter/src/rendering/object.dart:2923:7)
#15     RenderProxyBoxMixin.performLayout (package:flutter/src/rendering/proxy_box.dart:118:18)
#16     RenderObject.layout (package:flutter/src/rendering/object.dart:2923:7)
#17     RenderProxyBoxMixin.performLayout (package:flutter/src/rendering/proxy_box.dart:118:18)
#18     RenderObject.layout (package:flutter/src/rendering/object.dart:2923:7)
#19     RenderProxyBoxMixin.performLayout (package:flutter/src/rendering/proxy_box.dart:118:18)
#20     RenderObject.layout (package:flutter/src/rendering/object.dart:2923:7)
#21     RenderProxyBoxMixin.performLayout (package:flutter/src/rendering/proxy_box.dart:118:18)
#22     RenderObject.layout (package:flutter/src/rendering/object.dart:2923:7)
#23     RenderProxyBoxMixin.performLayout (package:flutter/src/rendering/proxy_box.dart:118:18)
#24     RenderObject.layout (package:flutter/src/rendering/object.dart:2923:7)
#25     RenderProxyBoxMixin.performLayout (package:flutter/src/rendering/proxy_box.dart:118:18)
#26     RenderObject.layout (package:flutter/src/rendering/object.dart:2923:7)
#27     RenderProxyBoxMixin.performLayout (package:flutter/src/rendering/proxy_box.dart:118:18)
#28     _RenderCustomClip.performLayout (package:flutter/src/rendering/proxy_box.dart:1549:11)
#29     RenderObject.layout (package:flutter/src/rendering/object.dart:2923:7)
#30     ChildLayoutHelper.layoutChild (package:flutter/src/rendering/layout_helper.dart:62:11)
#31     RenderFlex._computeSizes (package:flutter/src/rendering/flex.dart:1275:26)
#32     RenderFlex.performLayout (package:flutter/src/rendering/flex.dart:1329:32)
#33     RenderObject.layout (package:flutter/src/rendering/object.dart:2923:7)
#34     RenderPadding.performLayout (package:flutter/src/rendering/shifted_box.dart:262:12)
#35     RenderObject.layout (package:flutter/src/rendering/object.dart:2923:7)
#36     RenderProxyBoxMixin.performLayout (package:flutter/src/rendering/proxy_box.dart:118:18)
#37     RenderObject.layout (package:flutter/src/rendering/object.dart:2923:7)
#38     ChildLayoutHelper.layoutChild (package:flutter/src/rendering/layout_helper.dart:62:11)
#39     RenderStack._computeSize (package:flutter/src/rendering/stack.dart:647:43)
#40     RenderStack.performLayout (package:flutter/src/rendering/stack.dart:682:12)
#41     RenderObject.layout (package:flutter/src/rendering/object.dart:2923:7)
#42     MultiChildLayoutDelegate.layoutChild (package:flutter/src/rendering/custom_layout.dart:180:12)
#43     _ScaffoldLayout.performLayout (package:flutter/src/material/scaffold.dart:1113:7)
#44     MultiChildLayoutDelegate._callPerformLayout (package:flutter/src/rendering/custom_layout.dart:246:7)
#45     RenderCustomMultiChildLayoutBox.performLayout (package:flutter/src/rendering/custom_layout.dart:417:14)
#46     RenderObject.layout (package:flutter/src/rendering/object.dart:2923:7)
#47     RenderProxyBoxMixin.performLayout (package:flutter/src/rendering/proxy_box.dart:118:18)
#48     RenderObject.layout (package:flutter/src/rendering/object.dart:2923:7)
#49     RenderProxyBoxMixin.performLayout (package:flutter/src/rendering/proxy_box.dart:118:18)
#50     _RenderCustomClip.performLayout (package:flutter/src/rendering/proxy_box.dart:1549:11)
#51     RenderObject.layout (package:flutter/src/rendering/object.dart:2923:7)
#52     RenderProxyBoxMixin.performLayout (package:flutter/src/rendering/proxy_box.dart:118:18)
#53     RenderObject.layout (package:flutter/src/rendering/object.dart:2923:7)
#54     RenderProxyBoxMixin.performLayout (package:flutter/src/rendering/proxy_box.dart:118:18)
#55     RenderObject.layout (package:flutter/src/rendering/object.dart:2923:7)
#56     RenderProxyBoxMixin.performLayout (package:flutter/src/rendering/proxy_box.dart:118:18)
#57     RenderObject.layout (package:flutter/src/rendering/object.dart:2923:7)
#58     RenderProxyBoxMixin.performLayout (package:flutter/src/rendering/proxy_box.dart:118:18)
#59     RenderObject.layout (package:flutter/src/rendering/object.dart:2923:7)
#60     RenderProxyBoxMixin.performLayout (package:flutter/src/rendering/proxy_box.dart:118:18)
#61     RenderObject.layout (package:flutter/src/rendering/object.dart:2923:7)
#62     RenderProxyBoxMixin.performLayout (package:flutter/src/rendering/proxy_box.dart:118:18)
#63     RenderObject.layout (package:flutter/src/rendering/object.dart:2923:7)
#64     RenderProxyBoxMixin.performLayout (package:flutter/src/rendering/proxy_box.dart:118:18)
#65     RenderObject.layout (package:flutter/src/rendering/object.dart:2923:7)
#66     RenderProxyBoxMixin.performLayout (package:flutter/src/rendering/proxy_box.dart:118:18)
#67     RenderObject.layout (package:flutter/src/rendering/object.dart:2923:7)
#68     RenderProxyBoxMixin.performLayout (package:flutter/src/rendering/proxy_box.dart:118:18)
#69     RenderObject.layout (package:flutter/src/rendering/object.dart:2923:7)
#70     RenderProxyBoxMixin.performLayout (package:flutter/src/rendering/proxy_box.dart:118:18)
#71     RenderObject.layout (package:flutter/src/rendering/object.dart:2923:7)
#72     RenderProxyBoxMixin.performLayout (package:flutter/src/rendering/proxy_box.dart:118:18)
#73     RenderObject.layout (package:flutter/src/rendering/object.dart:2923:7)
#74     RenderProxyBoxMixin.performLayout (package:flutter/src/rendering/proxy_box.dart:118:18)
#75     RenderObject.layout (package:flutter/src/rendering/object.dart:2923:7)
#76     RenderProxyBoxMixin.performLayout (package:flutter/src/rendering/proxy_box.dart:118:18)
#77     RenderObject.layout (package:flutter/src/rendering/object.dart:2923:7)
#78     RenderProxyBoxMixin.performLayout (package:flutter/src/rendering/proxy_box.dart:118:18)
#79     RenderObject.layout (package:flutter/src/rendering/object.dart:2923:7)
#80     RenderProxyBoxMixin.performLayout (package:flutter/src/rendering/proxy_box.dart:118:18)
#81     RenderObject.layout (package:flutter/src/rendering/object.dart:2923:7)
#82     RenderProxyBoxMixin.performLayout (package:flutter/src/rendering/proxy_box.dart:118:18)
#83     RenderObject.layout (package:flutter/src/rendering/object.dart:2923:7)
#84     RenderProxyBoxMixin.performLayout (package:flutter/src/rendering/proxy_box.dart:118:18)
#85     RenderOffstage.performLayout (package:flutter/src/rendering/proxy_box.dart:3923:13)
#86     RenderObject.layout (package:flutter/src/rendering/object.dart:2923:7)
#87     RenderProxyBoxMixin.performLayout (package:flutter/src/rendering/proxy_box.dart:118:18)
#88     RenderObject.layout (package:flutter/src/rendering/object.dart:2923:7)
#89     _RenderTheaterMixin.layoutChild (package:flutter/src/widgets/overlay.dart:1124:13)
#90     _RenderTheater.performLayout (package:flutter/src/widgets/overlay.dart:1482:9)
#91     RenderObject.layout (package:flutter/src/rendering/object.dart:2923:7)
#92     RenderProxyBoxMixin.performLayout (package:flutter/src/rendering/proxy_box.dart:118:18)
#93     RenderObject.layout (package:flutter/src/rendering/object.dart:2923:7)
#94     RenderProxyBoxMixin.performLayout (package:flutter/src/rendering/proxy_box.dart:118:18)
#95     RenderObject.layout (package:flutter/src/rendering/object.dart:2923:7)
#96     RenderProxyBoxMixin.performLayout (package:flutter/src/rendering/proxy_box.dart:118:18)
#97     RenderObject.layout (package:flutter/src/rendering/object.dart:2923:7)
#98     RenderProxyBoxMixin.performLayout (package:flutter/src/rendering/proxy_box.dart:118:18)
#99     RenderObject.layout (package:flutter/src/rendering/object.dart:2923:7)
#100    RenderProxyBoxMixin.performLayout (package:flutter/src/rendering/proxy_box.dart:118:18)
#101    RenderObject.layout (package:flutter/src/rendering/object.dart:2923:7)
#102    RenderProxyBoxMixin.performLayout (package:flutter/src/rendering/proxy_box.dart:118:18)
#103    RenderObject.layout (package:flutter/src/rendering/object.dart:2923:7)
#104    RenderProxyBoxMixin.performLayout (package:flutter/src/rendering/proxy_box.dart:118:18)
#105    RenderObject.layout (package:flutter/src/rendering/object.dart:2923:7)
#106    RenderProxyBoxMixin.performLayout (package:flutter/src/rendering/proxy_box.dart:118:18)
#107    RenderObject.layout (package:flutter/src/rendering/object.dart:2923:7)
#108    RenderProxyBoxMixin.performLayout (package:flutter/src/rendering/proxy_box.dart:118:18)
#109    RenderObject.layout (package:flutter/src/rendering/object.dart:2923:7)
#110    RenderView.performLayout (package:flutter/src/rendering/view.dart:292:12)
#111    RenderObject._layoutWithoutResize (package:flutter/src/rendering/object.dart:2771:7)
#112    PipelineOwner.flushLayout (package:flutter/src/rendering/object.dart:1174:18)
#113    PipelineOwner.flushLayout (package:flutter/src/rendering/object.dart:1187:15)
#114    AutomatedTestWidgetsFlutterBinding.drawFrame (package:flutter_test/src/binding.dart:2434:27)
#115    RendererBinding._handlePersistentFrameCallback (package:flutter/src/rendering/binding.dart:558:5)
#116    SchedulerBinding._invokeFrameCallback (package:flutter/src/scheduler/binding.dart:1430:15)
#117    SchedulerBinding.handleDrawFrame (package:flutter/src/scheduler/binding.dart:1345:9)
#118    AutomatedTestWidgetsFlutterBinding.pump.<anonymous closure> (package:flutter_test/src/binding.dart:2261:9)
#121    TestAsyncUtils.guard (package:flutter_test/src/test_async_utils.dart:74:41)
#122    AutomatedTestWidgetsFlutterBinding.pump (package:flutter_test/src/binding.dart:2250:27)
#123    WidgetTester.pumpWidget.<anonymous closure> (package:flutter_test/src/widget_tester.dart:598:22)
#126    TestAsyncUtils.guard (package:flutter_test/src/test_async_utils.dart:74:41)
#127    WidgetTester.pumpWidget (package:flutter_test/src/widget_tester.dart:595:27)
#128    _pumpGolden (file:///C:/dev/ahdash11/mobile/test/visual/v10_phase_b_golden_test.dart:420:16)
#129    registerVisualTests.<anonymous closure> (file:///C:/dev/ahdash11/mobile/test/visual/v10_phase_b_golden_test.dart:184:13)
#130    testWidgets.<anonymous closure>.<anonymous closure> (package:flutter_test/src/widget_tester.dart:192:29)
<asynchronous suspension>
#131    TestWidgetsFlutterBinding._runTestBody (package:flutter_test/src/binding.dart:1953:5)
<asynchronous suspension>
<asynchronous suspension>
(elided 7 frames from class _AssertionError, dart:async, and package:stack_trace)

The following RenderObject was being processed when the exception was fired: RenderConstrainedBox#7f6aa relayoutBoundary=up12 NEEDS-LAYOUT NEEDS-PAINT NEEDS-COMPOSITING-BITS-UPDATE:
  creator: ConstrainedBox ← Column ← Padding ← _SingleChildViewport ← IgnorePointer-[GlobalKey#38224]
    ← Semantics ← Listener ← _GestureSemantics ←
    RawGestureDetector-[LabeledGlobalKey<RawGestureDetectorState>#3217f] ← Listener ← _ScrollableScope
    ← _ScrollSemantics-[GlobalKey#4b511] ← ⋯
  parentData: offset=Offset(0.0, 0.0); flex=null; fit=null (can use size)
  constraints: BoxConstraints(w=320.0, 0.0<=h<=Infinity)
  size: MISSING
  additionalConstraints: BoxConstraints(0.0<=w<=Infinity, 56.0<=h<=Infinity)
This RenderObject had the following descendants (showing up to depth 5):
    child: RenderConstrainedBox#52bb9 relayoutBoundary=up13 NEEDS-PAINT NEEDS-COMPOSITING-BITS-UPDATE
      child: RenderSemanticsAnnotations#95559 NEEDS-LAYOUT NEEDS-PAINT NEEDS-COMPOSITING-BITS-UPDATE
        child: _RenderInputPadding#349f9 NEEDS-LAYOUT NEEDS-PAINT NEEDS-COMPOSITING-BITS-UPDATE
          child: RenderConstrainedBox#cf3f3 NEEDS-LAYOUT NEEDS-PAINT NEEDS-COMPOSITING-BITS-UPDATE
            child: RenderPhysicalShape#04707 NEEDS-LAYOUT NEEDS-PAINT NEEDS-COMPOSITING-BITS-UPDATE
════════════════════════════════════════════════════════════════════════════════════════════════════
══╡ EXCEPTION CAUGHT BY RENDERING LIBRARY ╞═════════════════════════════════════════════════════════
The following assertion was thrown during performLayout():
RenderBox was not laid out: RenderConstrainedBox#7f6aa relayoutBoundary=up12 NEEDS-PAINT
NEEDS-COMPOSITING-BITS-UPDATE
'package:flutter/src/rendering/box.dart':
Failed assertion: line 2251 pos 12: 'hasSize'

Either the assertion indicates an error in the framework itself, or we should provide substantially
more information in this error message to help you determine and fix the underlying cause.
In either case, please report this assertion by filing a bug on GitHub:
  https://github.com/flutter/flutter/issues/new?template=02_bug.yml

The relevant error-causing widget was:
  Column
  Column:file:///C:/dev/ahdash11/mobile/lib/features/party/presentation/party_game_screens.dart:2450:20

When the exception was thrown, this was the stack:
#2      RenderBox.size (package:flutter/src/rendering/box.dart:2251:12)
#3      ChildLayoutHelper.layoutChild (package:flutter/src/rendering/layout_helper.dart:63:18)
#4      RenderFlex._computeSizes (package:flutter/src/rendering/flex.dart:1237:28)
#5      RenderFlex.performLayout (package:flutter/src/rendering/flex.dart:1329:32)
#6      RenderObject.layout (package:flutter/src/rendering/object.dart:2923:7)
#7      RenderPadding.performLayout (package:flutter/src/rendering/shifted_box.dart:262:12)
#8      RenderObject.layout (package:flutter/src/rendering/object.dart:2923:7)
#9      _RenderSingleChildViewport.performLayout (package:flutter/src/widgets/single_child_scroll_view.dart:502:14)
#10     RenderObject.layout (package:flutter/src/rendering/object.dart:2923:7)
#11     RenderProxyBoxMixin.performLayout (package:flutter/src/rendering/proxy_box.dart:118:18)
#12     RenderObject.layout (package:flutter/src/rendering/object.dart:2923:7)
#13     RenderProxyBoxMixin.performLayout (package:flutter/src/rendering/proxy_box.dart:118:18)
#14     RenderObject.layout (package:flutter/src/rendering/object.dart:2923:7)
#15     RenderProxyBoxMixin.performLayout (package:flutter/src/rendering/proxy_box.dart:118:18)
#16     RenderObject.layout (package:flutter/src/rendering/object.dart:2923:7)
#17     RenderProxyBoxMixin.performLayout (package:flutter/src/rendering/proxy_box.dart:118:18)
#18     RenderObject.layout (package:flutter/src/rendering/object.dart:2923:7)
#19     RenderProxyBoxMixin.performLayout (package:flutter/src/rendering/proxy_box.dart:118:18)
#20     RenderObject.layout (package:flutter/src/rendering/object.dart:2923:7)
#21     RenderProxyBoxMixin.performLayout (package:flutter/src/rendering/proxy_box.dart:118:18)
#22     RenderObject.layout (package:flutter/src/rendering/object.dart:2923:7)
#23     RenderProxyBoxMixin.performLayout (package:flutter/src/rendering/proxy_box.dart:118:18)
#24     RenderObject.layout (package:flutter/src/rendering/object.dart:2923:7)
#25     RenderProxyBoxMixin.performLayout (package:flutter/src/rendering/proxy_box.dart:118:18)
#26     _RenderCustomClip.performLayout (package:flutter/src/rendering/proxy_box.dart:1549:11)
#27     RenderObject.layout (package:flutter/src/rendering/object.dart:2923:7)
#28     ChildLayoutHelper.layoutChild (package:flutter/src/rendering/layout_helper.dart:62:11)
#29     RenderFlex._computeSizes (package:flutter/src/rendering/flex.dart:1275:26)
#30     RenderFlex.performLayout (package:flutter/src/rendering/flex.dart:1329:32)
#31     RenderObject.layout (package:flutter/src/rendering/object.dart:2923:7)
#32     RenderPadding.performLayout (package:flutter/src/rendering/shifted_box.dart:262:12)
#33     RenderObject.layout (package:flutter/src/rendering/object.dart:2923:7)
#34     RenderProxyBoxMixin.performLayout (package:flutter/src/rendering/proxy_box.dart:118:18)
#35     RenderObject.layout (package:flutter/src/rendering/object.dart:2923:7)
#36     ChildLayoutHelper.layoutChild (package:flutter/src/rendering/layout_helper.dart:62:11)
#37     RenderStack._computeSize (package:flutter/src/rendering/stack.dart:647:43)
#38     RenderStack.performLayout (package:flutter/src/rendering/stack.dart:682:12)
#39     RenderObject.layout (package:flutter/src/rendering/object.dart:2923:7)
#40     MultiChildLayoutDelegate.layoutChild (package:flutter/src/rendering/custom_layout.dart:180:12)
#41     _ScaffoldLayout.performLayout (package:flutter/src/material/scaffold.dart:1113:7)
#42     MultiChildLayoutDelegate._callPerformLayout (package:flutter/src/rendering/custom_layout.dart:246:7)
#43     RenderCustomMultiChildLayoutBox.performLayout (package:flutter/src/rendering/custom_layout.dart:417:14)
#44     RenderObject.layout (package:flutter/src/rendering/object.dart:2923:7)
#45     RenderProxyBoxMixin.performLayout (package:flutter/src/rendering/proxy_box.dart:118:18)
#46     RenderObject.layout (package:flutter/src/rendering/object.dart:2923:7)
#47     RenderProxyBoxMixin.performLayout (package:flutter/src/rendering/proxy_box.dart:118:18)
#48     _RenderCustomClip.performLayout (package:flutter/src/rendering/proxy_box.dart:1549:11)
#49     RenderObject.layout (package:flutter/src/rendering/object.dart:2923:7)
#50     RenderProxyBoxMixin.performLayout (package:flutter/src/rendering/proxy_box.dart:118:18)
#51     RenderObject.layout (package:flutter/src/rendering/object.dart:2923:7)
#52     RenderProxyBoxMixin.performLayout (package:flutter/src/rendering/proxy_box.dart:118:18)
#53     RenderObject.layout (package:flutter/src/rendering/object.dart:2923:7)
#54     RenderProxyBoxMixin.performLayout (package:flutter/src/rendering/proxy_box.dart:118:18)
#55     RenderObject.layout (package:flutter/src/rendering/object.dart:2923:7)
#56     RenderProxyBoxMixin.performLayout (package:flutter/src/rendering/proxy_box.dart:118:18)
#57     RenderObject.layout (package:flutter/src/rendering/object.dart:2923:7)
#58     RenderProxyBoxMixin.performLayout (package:flutter/src/rendering/proxy_box.dart:118:18)
#59     RenderObject.layout (package:flutter/src/rendering/object.dart:2923:7)
#60     RenderProxyBoxMixin.performLayout (package:flutter/src/rendering/proxy_box.dart:118:18)
#61     RenderObject.layout (package:flutter/src/rendering/object.dart:2923:7)
#62     RenderProxyBoxMixin.performLayout (package:flutter/src/rendering/proxy_box.dart:118:18)
#63     RenderObject.layout (package:flutter/src/rendering/object.dart:2923:7)
#64     RenderProxyBoxMixin.performLayout (package:flutter/src/rendering/proxy_box.dart:118:18)
#65     RenderObject.layout (package:flutter/src/rendering/object.dart:2923:7)
#66     RenderProxyBoxMixin.performLayout (package:flutter/src/rendering/proxy_box.dart:118:18)
#67     RenderObject.layout (package:flutter/src/rendering/object.dart:2923:7)
#68     RenderProxyBoxMixin.performLayout (package:flutter/src/rendering/proxy_box.dart:118:18)
#69     RenderObject.layout (package:flutter/src/rendering/object.dart:2923:7)
#70     RenderProxyBoxMixin.performLayout (package:flutter/src/rendering/proxy_box.dart:118:18)
#71     RenderObject.layout (package:flutter/src/rendering/object.dart:2923:7)
#72     RenderProxyBoxMixin.performLayout (package:flutter/src/rendering/proxy_box.dart:118:18)
#73     RenderObject.layout (package:flutter/src/rendering/object.dart:2923:7)
#74     RenderProxyBoxMixin.performLayout (package:flutter/src/rendering/proxy_box.dart:118:18)
#75     RenderObject.layout (package:flutter/src/rendering/object.dart:2923:7)
#76     RenderProxyBoxMixin.performLayout (package:flutter/src/rendering/proxy_box.dart:118:18)
#77     RenderObject.layout (package:flutter/src/rendering/object.dart:2923:7)
#78     RenderProxyBoxMixin.performLayout (package:flutter/src/rendering/proxy_box.dart:118:18)
#79     RenderObject.layout (package:flutter/src/rendering/object.dart:2923:7)
#80     RenderProxyBoxMixin.performLayout (package:flutter/src/rendering/proxy_box.dart:118:18)
#81     RenderObject.layout (package:flutter/src/rendering/object.dart:2923:7)
#82     RenderProxyBoxMixin.performLayout (package:flutter/src/rendering/proxy_box.dart:118:18)
#83     RenderOffstage.performLayout (package:flutter/src/rendering/proxy_box.dart:3923:13)
#84     RenderObject.layout (package:flutter/src/rendering/object.dart:2923:7)
#85     RenderProxyBoxMixin.performLayout (package:flutter/src/rendering/proxy_box.dart:118:18)
#86     RenderObject.layout (package:flutter/src/rendering/object.dart:2923:7)
#87     _RenderTheaterMixin.layoutChild (package:flutter/src/widgets/overlay.dart:1124:13)
#88     _RenderTheater.performLayout (package:flutter/src/widgets/overlay.dart:1482:9)
#89     RenderObject.layout (package:flutter/src/rendering/object.dart:2923:7)
#90     RenderProxyBoxMixin.performLayout (package:flutter/src/rendering/proxy_box.dart:118:18)
#91     RenderObject.layout (package:flutter/src/rendering/object.dart:2923:7)
#92     RenderProxyBoxMixin.performLayout (package:flutter/src/rendering/proxy_box.dart:118:18)
#93     RenderObject.layout (package:flutter/src/rendering/object.dart:2923:7)
#94     RenderProxyBoxMixin.performLayout (package:flutter/src/rendering/proxy_box.dart:118:18)
#95     RenderObject.layout (package:flutter/src/rendering/object.dart:2923:7)
#96     RenderProxyBoxMixin.performLayout (package:flutter/src/rendering/proxy_box.dart:118:18)
#97     RenderObject.layout (package:flutter/src/rendering/object.dart:2923:7)
#98     RenderProxyBoxMixin.performLayout (package:flutter/src/rendering/proxy_box.dart:118:18)
#99     RenderObject.layout (package:flutter/src/rendering/object.dart:2923:7)
#100    RenderProxyBoxMixin.performLayout (package:flutter/src/rendering/proxy_box.dart:118:18)
#101    RenderObject.layout (package:flutter/src/rendering/object.dart:2923:7)
#102    RenderProxyBoxMixin.performLayout (package:flutter/src/rendering/proxy_box.dart:118:18)
#103    RenderObject.layout (package:flutter/src/rendering/object.dart:2923:7)
#104    RenderProxyBoxMixin.performLayout (package:flutter/src/rendering/proxy_box.dart:118:18)
#105    RenderObject.layout (package:flutter/src/rendering/object.dart:2923:7)
#106    RenderProxyBoxMixin.performLayout (package:flutter/src/rendering/proxy_box.dart:118:18)
#107    RenderObject.layout (package:flutter/src/rendering/object.dart:2923:7)
#108    RenderView.performLayout (package:flutter/src/rendering/view.dart:292:12)
#109    RenderObject._layoutWithoutResize (package:flutter/src/rendering/object.dart:2771:7)
#110    PipelineOwner.flushLayout (package:flutter/src/rendering/object.dart:1174:18)
#111    PipelineOwner.flushLayout (package:flutter/src/rendering/object.dart:1187:15)
#112    AutomatedTestWidgetsFlutterBinding.drawFrame (package:flutter_test/src/binding.dart:2434:27)
#113    RendererBinding._handlePersistentFrameCallback (package:flutter/src/rendering/binding.dart:558:5)
#114    SchedulerBinding._invokeFrameCallback (package:flutter/src/scheduler/binding.dart:1430:15)
#115    SchedulerBinding.handleDrawFrame (package:flutter/src/scheduler/binding.dart:1345:9)
#116    AutomatedTestWidgetsFlutterBinding.pump.<anonymous closure> (package:flutter_test/src/binding.dart:2261:9)
#119    TestAsyncUtils.guard (package:flutter_test/src/test_async_utils.dart:74:41)
#120    AutomatedTestWidgetsFlutterBinding.pump (package:flutter_test/src/binding.dart:2250:27)
#121    WidgetTester.pumpWidget.<anonymous closure> (package:flutter_test/src/widget_tester.dart:598:22)
#124    TestAsyncUtils.guard (package:flutter_test/src/test_async_utils.dart:74:41)
#125    WidgetTester.pumpWidget (package:flutter_test/src/widget_tester.dart:595:27)
#126    _pumpGolden (file:///C:/dev/ahdash11/mobile/test/visual/v10_phase_b_golden_test.dart:420:16)
#127    registerVisualTests.<anonymous closure> (file:///C:/dev/ahdash11/mobile/test/visual/v10_phase_b_golden_test.dart:184:13)
#128    testWidgets.<anonymous closure>.<anonymous closure> (package:flutter_test/src/widget_tester.dart:192:29)
<asynchronous suspension>
#129    TestWidgetsFlutterBinding._runTestBody (package:flutter_test/src/binding.dart:1953:5)
<asynchronous suspension>
<asynchronous suspension>
(elided 7 frames from class _AssertionError, dart:async, and package:stack_trace)

The following RenderObject was being processed when the exception was fired: RenderFlex#d68e6 relayoutBoundary=up11 NEEDS-LAYOUT NEEDS-PAINT NEEDS-COMPOSITING-BITS-UPDATE:
  creator: Column ← Padding ← _SingleChildViewport ← IgnorePointer-[GlobalKey#38224] ← Semantics ←
    Listener ← _GestureSemantics ←
    RawGestureDetector-[LabeledGlobalKey<RawGestureDetectorState>#3217f] ← Listener ← _ScrollableScope
    ← _ScrollSemantics-[GlobalKey#4b511] ← NotificationListener<ScrollMetricsNotification> ← ⋯
  parentData: offset=Offset(0.0, 0.0) (can use size)
  constraints: BoxConstraints(0.0<=w<=320.0, 0.0<=h<=Infinity)
  size: MISSING
  direction: vertical
  mainAxisAlignment: start
  mainAxisSize: max
  crossAxisAlignment: stretch
  verticalDirection: down
  spacing: 0.0
This RenderObject had the following descendants (showing up to depth 5):
    child 1: RenderSemanticsAnnotations#8b680 relayoutBoundary=up12 NEEDS-PAINT NEEDS-COMPOSITING-BITS-UPDATE
      child: RenderPhysicalModel#a3e9c relayoutBoundary=up13 NEEDS-PAINT NEEDS-COMPOSITING-BITS-UPDATE
        child: _RenderInkFeatures#02222 relayoutBoundary=up14 NEEDS-PAINT NEEDS-COMPOSITING-BITS-UPDATE
          child: RenderPadding#a7850 relayoutBoundary=up15 NEEDS-PAINT NEEDS-COMPOSITING-BITS-UPDATE
            child: RenderSemanticsAnnotations#0702b relayoutBoundary=up16 NEEDS-PAINT NEEDS-COMPOSITING-BITS-UPDATE
    child 2: RenderConstrainedBox#75e8a relayoutBoundary=up12 NEEDS-PAINT
    child 3: RenderParagraph#e68b1 relayoutBoundary=up12 NEEDS-PAINT
      text: TextSpan
    child 4: RenderConstrainedBox#de250 relayoutBoundary=up12 NEEDS-PAINT
    child 5: RenderConstrainedBox#7f6aa relayoutBoundary=up12 NEEDS-PAINT NEEDS-COMPOSITING-BITS-UPDATE
      child: RenderConstrainedBox#52bb9 relayoutBoundary=up13 NEEDS-PAINT NEEDS-COMPOSITING-BITS-UPDATE
        child: RenderSemanticsAnnotations#95559 NEEDS-LAYOUT NEEDS-PAINT NEEDS-COMPOSITING-BITS-UPDATE
          child: _RenderInputPadding#349f9 NEEDS-LAYOUT NEEDS-PAINT NEEDS-COMPOSITING-BITS-UPDATE
            child: RenderConstrainedBox#cf3f3 NEEDS-LAYOUT NEEDS-PAINT NEEDS-COMPOSITING-BITS-UPDATE
    child 6: RenderConstrainedBox#beea5 NEEDS-LAYOUT NEEDS-PAINT
    child 7: RenderConstrainedBox#0b419 NEEDS-LAYOUT NEEDS-PAINT NEEDS-COMPOSITING-BITS-UPDATE
      child: RenderConstrainedBox#497f1 NEEDS-LAYOUT NEEDS-PAINT NEEDS-COMPOSITING-BITS-UPDATE
        child: RenderSemanticsAnnotations#0b6c3 NEEDS-LAYOUT NEEDS-PAINT NEEDS-COMPOSITING-BITS-UPDATE
          child: _RenderInputPadding#8e053 NEEDS-LAYOUT NEEDS-PAINT NEEDS-COMPOSITING-BITS-UPDATE
            child: RenderConstrainedBox#21940 NEEDS-LAYOUT NEEDS-PAINT NEEDS-COMPOSITING-BITS-UPDATE
    child 8: RenderConstrainedBox#b0081 NEEDS-LAYOUT NEEDS-PAINT
    child 9: RenderConstrainedBox#4290d NEEDS-LAYOUT NEEDS-PAINT NEEDS-COMPOSITING-BITS-UPDATE
      child: RenderConstrainedBox#86189 NEEDS-LAYOUT NEEDS-PAINT NEEDS-COMPOSITING-BITS-UPDATE
        child: RenderSemanticsAnnotations#98abb NEEDS-LAYOUT NEEDS-PAINT NEEDS-COMPOSITING-BITS-UPDATE
          child: _RenderInputPadding#e0d6d NEEDS-LAYOUT NEEDS-PAINT NEEDS-COMPOSITING-BITS-UPDATE
            child: RenderConstrainedBox#be0f5 NEEDS-LAYOUT NEEDS-PAINT NEEDS-COMPOSITING-BITS-UPDATE
════════════════════════════════════════════════════════════════════════════════════════════════════
══╡ EXCEPTION CAUGHT BY RENDERING LIBRARY ╞═════════════════════════════════════════════════════════
The following assertion was thrown during performLayout():
RenderBox was not laid out: RenderFlex#d68e6 relayoutBoundary=up11 NEEDS-PAINT
NEEDS-COMPOSITING-BITS-UPDATE
'package:flutter/src/rendering/box.dart':
Failed assertion: line 2251 pos 12: 'hasSize'

Either the assertion indicates an error in the framework itself, or we should provide substantially
more information in this error message to help you determine and fix the underlying cause.
In either case, please report this assertion by filing a bug on GitHub:
  https://github.com/flutter/flutter/issues/new?template=02_bug.yml

The relevant error-causing widget was:
  SingleChildScrollView
  SingleChildScrollView:file:///C:/dev/ahdash11/mobile/lib/features/party/presentation/party_game_screens.dart:2448:18

When the exception was thrown, this was the stack:
#2      RenderBox.size (package:flutter/src/rendering/box.dart:2251:12)
#3      RenderPadding.performLayout (package:flutter/src/rendering/shifted_box.dart:266:40)
#4      RenderObject.layout (package:flutter/src/rendering/object.dart:2923:7)
#5      _RenderSingleChildViewport.performLayout (package:flutter/src/widgets/single_child_scroll_view.dart:502:14)
#6      RenderObject.layout (package:flutter/src/rendering/object.dart:2923:7)
#7      RenderProxyBoxMixin.performLayout (package:flutter/src/rendering/proxy_box.dart:118:18)
#8      RenderObject.layout (package:flutter/src/rendering/object.dart:2923:7)
#9      RenderProxyBoxMixin.performLayout (package:flutter/src/rendering/proxy_box.dart:118:18)
#10     RenderObject.layout (package:flutter/src/rendering/object.dart:2923:7)
#11     RenderProxyBoxMixin.performLayout (package:flutter/src/rendering/proxy_box.dart:118:18)
#12     RenderObject.layout (package:flutter/src/rendering/object.dart:2923:7)
#13     RenderProxyBoxMixin.performLayout (package:flutter/src/rendering/proxy_box.dart:118:18)
#14     RenderObject.layout (package:flutter/src/rendering/object.dart:2923:7)
#15     RenderProxyBoxMixin.performLayout (package:flutter/src/rendering/proxy_box.dart:118:18)
#16     RenderObject.layout (package:flutter/src/rendering/object.dart:2923:7)
#17     RenderProxyBoxMixin.performLayout (package:flutter/src/rendering/proxy_box.dart:118:18)
#18     RenderObject.layout (package:flutter/src/rendering/object.dart:2923:7)
#19     RenderProxyBoxMixin.performLayout (package:flutter/src/rendering/proxy_box.dart:118:18)
#20     RenderObject.layout (package:flutter/src/rendering/object.dart:2923:7)
#21     RenderProxyBoxMixin.performLayout (package:flutter/src/rendering/proxy_box.dart:118:18)
#22     _RenderCustomClip.performLayout (package:flutter/src/rendering/proxy_box.dart:1549:11)
#23     RenderObject.layout (package:flutter/src/rendering/object.dart:2923:7)
#24     ChildLayoutHelper.layoutChild (package:flutter/src/rendering/layout_helper.dart:62:11)
#25     RenderFlex._computeSizes (package:flutter/src/rendering/flex.dart:1275:26)
#26     RenderFlex.performLayout (package:flutter/src/rendering/flex.dart:1329:32)
#27     RenderObject.layout (package:flutter/src/rendering/object.dart:2923:7)
#28     RenderPadding.performLayout (package:flutter/src/rendering/shifted_box.dart:262:12)
#29     RenderObject.layout (package:flutter/src/rendering/object.dart:2923:7)
#30     RenderProxyBoxMixin.performLayout (package:flutter/src/rendering/proxy_box.dart:118:18)
#31     RenderObject.layout (package:flutter/src/rendering/object.dart:2923:7)
#32     ChildLayoutHelper.layoutChild (package:flutter/src/rendering/layout_helper.dart:62:11)
#33     RenderStack._computeSize (package:flutter/src/rendering/stack.dart:647:43)
#34     RenderStack.performLayout (package:flutter/src/rendering/stack.dart:682:12)
#35     RenderObject.layout (package:flutter/src/rendering/object.dart:2923:7)
#36     MultiChildLayoutDelegate.layoutChild (package:flutter/src/rendering/custom_layout.dart:180:12)
#37     _ScaffoldLayout.performLayout (package:flutter/src/material/scaffold.dart:1113:7)
#38     MultiChildLayoutDelegate._callPerformLayout (package:flutter/src/rendering/custom_layout.dart:246:7)
#39     RenderCustomMultiChildLayoutBox.performLayout (package:flutter/src/rendering/custom_layout.dart:417:14)
#40     RenderObject.layout (package:flutter/src/rendering/object.dart:2923:7)
#41     RenderProxyBoxMixin.performLayout (package:flutter/src/rendering/proxy_box.dart:118:18)
#42     RenderObject.layout (package:flutter/src/rendering/object.dart:2923:7)
#43     RenderProxyBoxMixin.performLayout (package:flutter/src/rendering/proxy_box.dart:118:18)
#44     _RenderCustomClip.performLayout (package:flutter/src/rendering/proxy_box.dart:1549:11)
#45     RenderObject.layout (package:flutter/src/rendering/object.dart:2923:7)
#46     RenderProxyBoxMixin.performLayout (package:flutter/src/rendering/proxy_box.dart:118:18)
#47     RenderObject.layout (package:flutter/src/rendering/object.dart:2923:7)
#48     RenderProxyBoxMixin.performLayout (package:flutter/src/rendering/proxy_box.dart:118:18)
#49     RenderObject.layout (package:flutter/src/rendering/object.dart:2923:7)
#50     RenderProxyBoxMixin.performLayout (package:flutter/src/rendering/proxy_box.dart:118:18)
#51     RenderObject.layout (package:flutter/src/rendering/object.dart:2923:7)
#52     RenderProxyBoxMixin.performLayout (package:flutter/src/rendering/proxy_box.dart:118:18)
#53     RenderObject.layout (package:flutter/src/rendering/object.dart:2923:7)
#54     RenderProxyBoxMixin.performLayout (package:flutter/src/rendering/proxy_box.dart:118:18)
#55     RenderObject.layout (package:flutter/src/rendering/object.dart:2923:7)
#56     RenderProxyBoxMixin.performLayout (package:flutter/src/rendering/proxy_box.dart:118:18)
#57     RenderObject.layout (package:flutter/src/rendering/object.dart:2923:7)
#58     RenderProxyBoxMixin.performLayout (package:flutter/src/rendering/proxy_box.dart:118:18)
#59     RenderObject.layout (package:flutter/src/rendering/object.dart:2923:7)
#60     RenderProxyBoxMixin.performLayout (package:flutter/src/rendering/proxy_box.dart:118:18)
#61     RenderObject.layout (package:flutter/src/rendering/object.dart:2923:7)
#62     RenderProxyBoxMixin.performLayout (package:flutter/src/rendering/proxy_box.dart:118:18)
#63     RenderObject.layout (package:flutter/src/rendering/object.dart:2923:7)
#64     RenderProxyBoxMixin.performLayout (package:flutter/src/rendering/proxy_box.dart:118:18)
#65     RenderObject.layout (package:flutter/src/rendering/object.dart:2923:7)
#66     RenderProxyBoxMixin.performLayout (package:flutter/src/rendering/proxy_box.dart:118:18)
#67     RenderObject.layout (package:flutter/src/rendering/object.dart:2923:7)
#68     RenderProxyBoxMixin.performLayout (package:flutter/src/rendering/proxy_box.dart:118:18)
#69     RenderObject.layout (package:flutter/src/rendering/object.dart:2923:7)
#70     RenderProxyBoxMixin.performLayout (package:flutter/src/rendering/proxy_box.dart:118:18)
#71     RenderObject.layout (package:flutter/src/rendering/object.dart:2923:7)
#72     RenderProxyBoxMixin.performLayout (package:flutter/src/rendering/proxy_box.dart:118:18)
#73     RenderObject.layout (package:flutter/src/rendering/object.dart:2923:7)
#74     RenderProxyBoxMixin.performLayout (package:flutter/src/rendering/proxy_box.dart:118:18)
#75     RenderObject.layout (package:flutter/src/rendering/object.dart:2923:7)
#76     RenderProxyBoxMixin.performLayout (package:flutter/src/rendering/proxy_box.dart:118:18)
#77     RenderObject.layout (package:flutter/src/rendering/object.dart:2923:7)
#78     RenderProxyBoxMixin.performLayout (package:flutter/src/rendering/proxy_box.dart:118:18)
#79     RenderOffstage.performLayout (package:flutter/src/rendering/proxy_box.dart:3923:13)
#80     RenderObject.layout (package:flutter/src/rendering/object.dart:2923:7)
#81     RenderProxyBoxMixin.performLayout (package:flutter/src/rendering/proxy_box.dart:118:18)
#82     RenderObject.layout (package:flutter/src/rendering/object.dart:2923:7)
#83     _RenderTheaterMixin.layoutChild (package:flutter/src/widgets/overlay.dart:1124:13)
#84     _RenderTheater.performLayout (package:flutter/src/widgets/overlay.dart:1482:9)
#85     RenderObject.layout (package:flutter/src/rendering/object.dart:2923:7)
#86     RenderProxyBoxMixin.performLayout (package:flutter/src/rendering/proxy_box.dart:118:18)
#87     RenderObject.layout (package:flutter/src/rendering/object.dart:2923:7)
#88     RenderProxyBoxMixin.performLayout (package:flutter/src/rendering/proxy_box.dart:118:18)
#89     RenderObject.layout (package:flutter/src/rendering/object.dart:2923:7)
#90     RenderProxyBoxMixin.performLayout (package:flutter/src/rendering/proxy_box.dart:118:18)
#91     RenderObject.layout (package:flutter/src/rendering/object.dart:2923:7)
#92     RenderProxyBoxMixin.performLayout (package:flutter/src/rendering/proxy_box.dart:118:18)
#93     RenderObject.layout (package:flutter/src/rendering/object.dart:2923:7)
#94     RenderProxyBoxMixin.performLayout (package:flutter/src/rendering/proxy_box.dart:118:18)
#95     RenderObject.layout (package:flutter/src/rendering/object.dart:2923:7)
#96     RenderProxyBoxMixin.performLayout (package:flutter/src/rendering/proxy_box.dart:118:18)
#97     RenderObject.layout (package:flutter/src/rendering/object.dart:2923:7)
#98     RenderProxyBoxMixin.performLayout (package:flutter/src/rendering/proxy_box.dart:118:18)
#99     RenderObject.layout (package:flutter/src/rendering/object.dart:2923:7)
#100    RenderProxyBoxMixin.performLayout (package:flutter/src/rendering/proxy_box.dart:118:18)
#101    RenderObject.layout (package:flutter/src/rendering/object.dart:2923:7)
#102    RenderProxyBoxMixin.performLayout (package:flutter/src/rendering/proxy_box.dart:118:18)
#103    RenderObject.layout (package:flutter/src/rendering/object.dart:2923:7)
#104    RenderView.performLayout (package:flutter/src/rendering/view.dart:292:12)
#105    RenderObject._layoutWithoutResize (package:flutter/src/rendering/object.dart:2771:7)
#106    PipelineOwner.flushLayout (package:flutter/src/rendering/object.dart:1174:18)
#107    PipelineOwner.flushLayout (package:flutter/src/rendering/object.dart:1187:15)
#108    AutomatedTestWidgetsFlutterBinding.drawFrame (package:flutter_test/src/binding.dart:2434:27)
#109    RendererBinding._handlePersistentFrameCallback (package:flutter/src/rendering/binding.dart:558:5)
#110    SchedulerBinding._invokeFrameCallback (package:flutter/src/scheduler/binding.dart:1430:15)
#111    SchedulerBinding.handleDrawFrame (package:flutter/src/scheduler/binding.dart:1345:9)
#112    AutomatedTestWidgetsFlutterBinding.pump.<anonymous closure> (package:flutter_test/src/binding.dart:2261:9)
#115    TestAsyncUtils.guard (package:flutter_test/src/test_async_utils.dart:74:41)
#116    AutomatedTestWidgetsFlutterBinding.pump (package:flutter_test/src/binding.dart:2250:27)
#117    WidgetTester.pumpWidget.<anonymous closure> (package:flutter_test/src/widget_tester.dart:598:22)
#120    TestAsyncUtils.guard (package:flutter_test/src/test_async_utils.dart:74:41)
#121    WidgetTester.pumpWidget (package:flutter_test/src/widget_tester.dart:595:27)
#122    _pumpGolden (file:///C:/dev/ahdash11/mobile/test/visual/v10_phase_b_golden_test.dart:420:16)
#123    registerVisualTests.<anonymous closure> (file:///C:/dev/ahdash11/mobile/test/visual/v10_phase_b_golden_test.dart:184:13)
#124    testWidgets.<anonymous closure>.<anonymous closure> (package:flutter_test/src/widget_tester.dart:192:29)
<asynchronous suspension>
#125    TestWidgetsFlutterBinding._runTestBody (package:flutter_test/src/binding.dart:1953:5)
<asynchronous suspension>
<asynchronous suspension>
(elided 7 frames from class _AssertionError, dart:async, and package:stack_trace)

The following RenderObject was being processed when the exception was fired: RenderPadding#6214e relayoutBoundary=up10 NEEDS-LAYOUT NEEDS-PAINT NEEDS-COMPOSITING-BITS-UPDATE:
  creator: Padding ← _SingleChildViewport ← IgnorePointer-[GlobalKey#38224] ← Semantics ← Listener ←
    _GestureSemantics ← RawGestureDetector-[LabeledGlobalKey<RawGestureDetectorState>#3217f] ←
    Listener ← _ScrollableScope ← _ScrollSemantics-[GlobalKey#4b511] ←
    NotificationListener<ScrollMetricsNotification> ← Transform ← ⋯
  parentData: <none> (can use size)
  constraints: BoxConstraints(0.0<=w<=360.0, 0.0<=h<=Infinity)
  size: MISSING
  padding: EdgeInsets(20.0, 24.0, 20.0, 16.0)
  textDirection: rtl
This RenderObject had the following descendants (showing up to depth 5):
    child: RenderFlex#d68e6 relayoutBoundary=up11 NEEDS-PAINT NEEDS-COMPOSITING-BITS-UPDATE
      child 1: RenderSemanticsAnnotations#8b680 relayoutBoundary=up12 NEEDS-PAINT NEEDS-COMPOSITING-BITS-UPDATE
        child: RenderPhysicalModel#a3e9c relayoutBoundary=up13 NEEDS-PAINT NEEDS-COMPOSITING-BITS-UPDATE
          child: _RenderInkFeatures#02222 relayoutBoundary=up14 NEEDS-PAINT NEEDS-COMPOSITING-BITS-UPDATE
            child: RenderPadding#a7850 relayoutBoundary=up15 NEEDS-PAINT NEEDS-COMPOSITING-BITS-UPDATE
      child 2: RenderConstrainedBox#75e8a relayoutBoundary=up12 NEEDS-PAINT
      child 3: RenderParagraph#e68b1 relayoutBoundary=up12 NEEDS-PAINT
        text: TextSpan
      child 4: RenderConstrainedBox#de250 relayoutBoundary=up12 NEEDS-PAINT
      child 5: RenderConstrainedBox#7f6aa relayoutBoundary=up12 NEEDS-PAINT NEEDS-COMPOSITING-BITS-UPDATE
        child: RenderConstrainedBox#52bb9 relayoutBoundary=up13 NEEDS-PAINT NEEDS-COMPOSITING-BITS-UPDATE
          child: RenderSemanticsAnnotations#95559 NEEDS-LAYOUT NEEDS-PAINT NEEDS-COMPOSITING-BITS-UPDATE
            child: _RenderInputPadding#349f9 NEEDS-LAYOUT NEEDS-PAINT NEEDS-COMPOSITING-BITS-UPDATE
      child 6: RenderConstrainedBox#beea5 NEEDS-LAYOUT NEEDS-PAINT
      child 7: RenderConstrainedBox#0b419 NEEDS-LAYOUT NEEDS-PAINT NEEDS-COMPOSITING-BITS-UPDATE
        child: RenderConstrainedBox#497f1 NEEDS-LAYOUT NEEDS-PAINT NEEDS-COMPOSITING-BITS-UPDATE
          child: RenderSemanticsAnnotations#0b6c3 NEEDS-LAYOUT NEEDS-PAINT NEEDS-COMPOSITING-BITS-UPDATE
            child: _RenderInputPadding#8e053 NEEDS-LAYOUT NEEDS-PAINT NEEDS-COMPOSITING-BITS-UPDATE
      child 8: RenderConstrainedBox#b0081 NEEDS-LAYOUT NEEDS-PAINT
      child 9: RenderConstrainedBox#4290d NEEDS-LAYOUT NEEDS-PAINT NEEDS-COMPOSITING-BITS-UPDATE
        child: RenderConstrainedBox#86189 NEEDS-LAYOUT NEEDS-PAINT NEEDS-COMPOSITING-BITS-UPDATE
          child: RenderSemanticsAnnotations#98abb NEEDS-LAYOUT NEEDS-PAINT NEEDS-COMPOSITING-BITS-UPDATE
            child: _RenderInputPadding#e0d6d NEEDS-LAYOUT NEEDS-PAINT NEEDS-COMPOSITING-BITS-UPDATE
════════════════════════════════════════════════════════════════════════════════════════════════════
══╡ EXCEPTION CAUGHT BY RENDERING LIBRARY ╞═════════════════════════════════════════════════════════
The following assertion was thrown during performLayout():
RenderBox was not laid out: RenderPadding#6214e relayoutBoundary=up10 NEEDS-PAINT
NEEDS-COMPOSITING-BITS-UPDATE
'package:flutter/src/rendering/box.dart':
Failed assertion: line 2251 pos 12: 'hasSize'

Either the assertion indicates an error in the framework itself, or we should provide substantially
more information in this error message to help you determine and fix the underlying cause.
In either case, please report this assertion by filing a bug on GitHub:
  https://github.com/flutter/flutter/issues/new?template=02_bug.yml

The relevant error-causing widget was:
  SingleChildScrollView
  SingleChildScrollView:file:///C:/dev/ahdash11/mobile/lib/features/party/presentation/party_game_screens.dart:2448:18

When the exception was thrown, this was the stack:
#2      RenderBox.size (package:flutter/src/rendering/box.dart:2251:12)
#3      _RenderSingleChildViewport.performLayout (package:flutter/src/widgets/single_child_scroll_view.dart:503:43)
#4      RenderObject.layout (package:flutter/src/rendering/object.dart:2923:7)
#5      RenderProxyBoxMixin.performLayout (package:flutter/src/rendering/proxy_box.dart:118:18)
#6      RenderObject.layout (package:flutter/src/rendering/object.dart:2923:7)
#7      RenderProxyBoxMixin.performLayout (package:flutter/src/rendering/proxy_box.dart:118:18)
#8      RenderObject.layout (package:flutter/src/rendering/object.dart:2923:7)
#9      RenderProxyBoxMixin.performLayout (package:flutter/src/rendering/proxy_box.dart:118:18)
#10     RenderObject.layout (package:flutter/src/rendering/object.dart:2923:7)
#11     RenderProxyBoxMixin.performLayout (package:flutter/src/rendering/proxy_box.dart:118:18)
#12     RenderObject.layout (package:flutter/src/rendering/object.dart:2923:7)
#13     RenderProxyBoxMixin.performLayout (package:flutter/src/rendering/proxy_box.dart:118:18)
#14     RenderObject.layout (package:flutter/src/rendering/object.dart:2923:7)
#15     RenderProxyBoxMixin.performLayout (package:flutter/src/rendering/proxy_box.dart:118:18)
#16     RenderObject.layout (package:flutter/src/rendering/object.dart:2923:7)
#17     RenderProxyBoxMixin.performLayout (package:flutter/src/rendering/proxy_box.dart:118:18)
#18     RenderObject.layout (package:flutter/src/rendering/object.dart:2923:7)
#19     RenderProxyBoxMixin.performLayout (package:flutter/src/rendering/proxy_box.dart:118:18)
#20     _RenderCustomClip.performLayout (package:flutter/src/rendering/proxy_box.dart:1549:11)
#21     RenderObject.layout (package:flutter/src/rendering/object.dart:2923:7)
#22     ChildLayoutHelper.layoutChild (package:flutter/src/rendering/layout_helper.dart:62:11)
#23     RenderFlex._computeSizes (package:flutter/src/rendering/flex.dart:1275:26)
#24     RenderFlex.performLayout (package:flutter/src/rendering/flex.dart:1329:32)
#25     RenderObject.layout (package:flutter/src/rendering/object.dart:2923:7)
#26     RenderPadding.performLayout (package:flutter/src/rendering/shifted_box.dart:262:12)
#27     RenderObject.layout (package:flutter/src/rendering/object.dart:2923:7)
#28     RenderProxyBoxMixin.performLayout (package:flutter/src/rendering/proxy_box.dart:118:18)
#29     RenderObject.layout (package:flutter/src/rendering/object.dart:2923:7)
#30     ChildLayoutHelper.layoutChild (package:flutter/src/rendering/layout_helper.dart:62:11)
#31     RenderStack._computeSize (package:flutter/src/rendering/stack.dart:647:43)
#32     RenderStack.performLayout (package:flutter/src/rendering/stack.dart:682:12)
#33     RenderObject.layout (package:flutter/src/rendering/object.dart:2923:7)
#34     MultiChildLayoutDelegate.layoutChild (package:flutter/src/rendering/custom_layout.dart:180:12)
#35     _ScaffoldLayout.performLayout (package:flutter/src/material/scaffold.dart:1113:7)
#36     MultiChildLayoutDelegate._callPerformLayout (package:flutter/src/rendering/custom_layout.dart:246:7)
#37     RenderCustomMultiChildLayoutBox.performLayout (package:flutter/src/rendering/custom_layout.dart:417:14)
#38     RenderObject.layout (package:flutter/src/rendering/object.dart:2923:7)
#39     RenderProxyBoxMixin.performLayout (package:flutter/src/rendering/proxy_box.dart:118:18)
#40     RenderObject.layout (package:flutter/src/rendering/object.dart:2923:7)
#41     RenderProxyBoxMixin.performLayout (package:flutter/src/rendering/proxy_box.dart:118:18)
#42     _RenderCustomClip.performLayout (package:flutter/src/rendering/proxy_box.dart:1549:11)
#43     RenderObject.layout (package:flutter/src/rendering/object.dart:2923:7)
#44     RenderProxyBoxMixin.performLayout (package:flutter/src/rendering/proxy_box.dart:118:18)
#45     RenderObject.layout (package:flutter/src/rendering/object.dart:2923:7)
#46     RenderProxyBoxMixin.performLayout (package:flutter/src/rendering/proxy_box.dart:118:18)
#47     RenderObject.layout (package:flutter/src/rendering/object.dart:2923:7)
#48     RenderProxyBoxMixin.performLayout (package:flutter/src/rendering/proxy_box.dart:118:18)
#49     RenderObject.layout (package:flutter/src/rendering/object.dart:2923:7)
#50     RenderProxyBoxMixin.performLayout (package:flutter/src/rendering/proxy_box.dart:118:18)
#51     RenderObject.layout (package:flutter/src/rendering/object.dart:2923:7)
#52     RenderProxyBoxMixin.performLayout (package:flutter/src/rendering/proxy_box.dart:118:18)
#53     RenderObject.layout (package:flutter/src/rendering/object.dart:2923:7)
#54     RenderProxyBoxMixin.performLayout (package:flutter/src/rendering/proxy_box.dart:118:18)
#55     RenderObject.layout (package:flutter/src/rendering/object.dart:2923:7)
#56     RenderProxyBoxMixin.performLayout (package:flutter/src/rendering/proxy_box.dart:118:18)
#57     RenderObject.layout (package:flutter/src/rendering/object.dart:2923:7)
#58     RenderProxyBoxMixin.performLayout (package:flutter/src/rendering/proxy_box.dart:118:18)
#59     RenderObject.layout (package:flutter/src/rendering/object.dart:2923:7)
#60     RenderProxyBoxMixin.performLayout (package:flutter/src/rendering/proxy_box.dart:118:18)
#61     RenderObject.layout (package:flutter/src/rendering/object.dart:2923:7)
#62     RenderProxyBoxMixin.performLayout (package:flutter/src/rendering/proxy_box.dart:118:18)
#63     RenderObject.layout (package:flutter/src/rendering/object.dart:2923:7)
#64     RenderProxyBoxMixin.performLayout (package:flutter/src/rendering/proxy_box.dart:118:18)
#65     RenderObject.layout (package:flutter/src/rendering/object.dart:2923:7)
#66     RenderProxyBoxMixin.performLayout (package:flutter/src/rendering/proxy_box.dart:118:18)
#67     RenderObject.layout (package:flutter/src/rendering/object.dart:2923:7)
#68     RenderProxyBoxMixin.performLayout (package:flutter/src/rendering/proxy_box.dart:118:18)
#69     RenderObject.layout (package:flutter/src/rendering/object.dart:2923:7)
#70     RenderProxyBoxMixin.performLayout (package:flutter/src/rendering/proxy_box.dart:118:18)
#71     RenderObject.layout (package:flutter/src/rendering/object.dart:2923:7)
#72     RenderProxyBoxMixin.performLayout (package:flutter/src/rendering/proxy_box.dart:118:18)
#73     RenderObject.layout (package:flutter/src/rendering/object.dart:2923:7)
#74     RenderProxyBoxMixin.performLayout (package:flutter/src/rendering/proxy_box.dart:118:18)
#75     RenderObject.layout (package:flutter/src/rendering/object.dart:2923:7)
#76     RenderProxyBoxMixin.performLayout (package:flutter/src/rendering/proxy_box.dart:118:18)
#77     RenderOffstage.performLayout (package:flutter/src/rendering/proxy_box.dart:3923:13)
#78     RenderObject.layout (package:flutter/src/rendering/object.dart:2923:7)
#79     RenderProxyBoxMixin.performLayout (package:flutter/src/rendering/proxy_box.dart:118:18)
#80     RenderObject.layout (package:flutter/src/rendering/object.dart:2923:7)
#81     _RenderTheaterMixin.layoutChild (package:flutter/src/widgets/overlay.dart:1124:13)
#82     _RenderTheater.performLayout (package:flutter/src/widgets/overlay.dart:1482:9)
#83     RenderObject.layout (package:flutter/src/rendering/object.dart:2923:7)
#84     RenderProxyBoxMixin.performLayout (package:flutter/src/rendering/proxy_box.dart:118:18)
#85     RenderObject.layout (package:flutter/src/rendering/object.dart:2923:7)
#86     RenderProxyBoxMixin.performLayout (package:flutter/src/rendering/proxy_box.dart:118:18)
#87     RenderObject.layout (package:flutter/src/rendering/object.dart:2923:7)
#88     RenderProxyBoxMixin.performLayout (package:flutter/src/rendering/proxy_box.dart:118:18)
#89     RenderObject.layout (package:flutter/src/rendering/object.dart:2923:7)
#90     RenderProxyBoxMixin.performLayout (package:flutter/src/rendering/proxy_box.dart:118:18)
#91     RenderObject.layout (package:flutter/src/rendering/object.dart:2923:7)
#92     RenderProxyBoxMixin.performLayout (package:flutter/src/rendering/proxy_box.dart:118:18)
#93     RenderObject.layout (package:flutter/src/rendering/object.dart:2923:7)
#94     RenderProxyBoxMixin.performLayout (package:flutter/src/rendering/proxy_box.dart:118:18)
#95     RenderObject.layout (package:flutter/src/rendering/object.dart:2923:7)
#96     RenderProxyBoxMixin.performLayout (package:flutter/src/rendering/proxy_box.dart:118:18)
#97     RenderObject.layout (package:flutter/src/rendering/object.dart:2923:7)
#98     RenderProxyBoxMixin.performLayout (package:flutter/src/rendering/proxy_box.dart:118:18)
#99     RenderObject.layout (package:flutter/src/rendering/object.dart:2923:7)
#100    RenderProxyBoxMixin.performLayout (package:flutter/src/rendering/proxy_box.dart:118:18)
#101    RenderObject.layout (package:flutter/src/rendering/object.dart:2923:7)
#102    RenderView.performLayout (package:flutter/src/rendering/view.dart:292:12)
#103    RenderObject._layoutWithoutResize (package:flutter/src/rendering/object.dart:2771:7)
#104    PipelineOwner.flushLayout (package:flutter/src/rendering/object.dart:1174:18)
#105    PipelineOwner.flushLayout (package:flutter/src/rendering/object.dart:1187:15)
#106    AutomatedTestWidgetsFlutterBinding.drawFrame (package:flutter_test/src/binding.dart:2434:27)
#107    RendererBinding._handlePersistentFrameCallback (package:flutter/src/rendering/binding.dart:558:5)
#108    SchedulerBinding._invokeFrameCallback (package:flutter/src/scheduler/binding.dart:1430:15)
#109    SchedulerBinding.handleDrawFrame (package:flutter/src/scheduler/binding.dart:1345:9)
#110    AutomatedTestWidgetsFlutterBinding.pump.<anonymous closure> (package:flutter_test/src/binding.dart:2261:9)
#113    TestAsyncUtils.guard (package:flutter_test/src/test_async_utils.dart:74:41)
#114    AutomatedTestWidgetsFlutterBinding.pump (package:flutter_test/src/binding.dart:2250:27)
#115    WidgetTester.pumpWidget.<anonymous closure> (package:flutter_test/src/widget_tester.dart:598:22)
#118    TestAsyncUtils.guard (package:flutter_test/src/test_async_utils.dart:74:41)
#119    WidgetTester.pumpWidget (package:flutter_test/src/widget_tester.dart:595:27)
#120    _pumpGolden (file:///C:/dev/ahdash11/mobile/test/visual/v10_phase_b_golden_test.dart:420:16)
#121    registerVisualTests.<anonymous closure> (file:///C:/dev/ahdash11/mobile/test/visual/v10_phase_b_golden_test.dart:184:13)
#122    testWidgets.<anonymous closure>.<anonymous closure> (package:flutter_test/src/widget_tester.dart:192:29)
<asynchronous suspension>
#123    TestWidgetsFlutterBinding._runTestBody (package:flutter_test/src/binding.dart:1953:5)
<asynchronous suspension>
<asynchronous suspension>
(elided 7 frames from class _AssertionError, dart:async, and package:stack_trace)

The following RenderObject was being processed when the exception was fired: _RenderSingleChildViewport#c7776 relayoutBoundary=up9 NEEDS-LAYOUT NEEDS-PAINT NEEDS-COMPOSITING-BITS-UPDATE:
  needs compositing
  creator: _SingleChildViewport ← IgnorePointer-[GlobalKey#38224] ← Semantics ← Listener ←
    _GestureSemantics ← RawGestureDetector-[LabeledGlobalKey<RawGestureDetectorState>#3217f] ←
    Listener ← _ScrollableScope ← _ScrollSemantics-[GlobalKey#4b511] ←
    NotificationListener<ScrollMetricsNotification> ← Transform ← StretchEffect ← ⋯
  parentData: <none> (can use size)
  constraints: BoxConstraints(0.0<=w<=360.0, h=602.0)
  size: MISSING
  offset: Offset(0.0, -0.0)
This RenderObject had the following descendants (showing up to depth 5):
    child: RenderPadding#6214e relayoutBoundary=up10 NEEDS-PAINT NEEDS-COMPOSITING-BITS-UPDATE
      child: RenderFlex#d68e6 relayoutBoundary=up11 NEEDS-PAINT NEEDS-COMPOSITING-BITS-UPDATE
        child 1: RenderSemanticsAnnotations#8b680 relayoutBoundary=up12 NEEDS-PAINT NEEDS-COMPOSITING-BITS-UPDATE
          child: RenderPhysicalModel#a3e9c relayoutBoundary=up13 NEEDS-PAINT NEEDS-COMPOSITING-BITS-UPDATE
            child: _RenderInkFeatures#02222 relayoutBoundary=up14 NEEDS-PAINT NEEDS-COMPOSITING-BITS-UPDATE
        child 2: RenderConstrainedBox#75e8a relayoutBoundary=up12 NEEDS-PAINT
        child 3: RenderParagraph#e68b1 relayoutBoundary=up12 NEEDS-PAINT
          text: TextSpan
        child 4: RenderConstrainedBox#de250 relayoutBoundary=up12 NEEDS-PAINT
        child 5: RenderConstrainedBox#7f6aa relayoutBoundary=up12 NEEDS-PAINT NEEDS-COMPOSITING-BITS-UPDATE
          child: RenderConstrainedBox#52bb9 relayoutBoundary=up13 NEEDS-PAINT NEEDS-COMPOSITING-BITS-UPDATE
            child: RenderSemanticsAnnotations#95559 NEEDS-LAYOUT NEEDS-PAINT NEEDS-COMPOSITING-BITS-UPDATE
        child 6: RenderConstrainedBox#beea5 NEEDS-LAYOUT NEEDS-PAINT
        child 7: RenderConstrainedBox#0b419 NEEDS-LAYOUT NEEDS-PAINT NEEDS-COMPOSITING-BITS-UPDATE
          child: RenderConstrainedBox#497f1 NEEDS-LAYOUT NEEDS-PAINT NEEDS-COMPOSITING-BITS-UPDATE
            child: RenderSemanticsAnnotations#0b6c3 NEEDS-LAYOUT NEEDS-PAINT NEEDS-COMPOSITING-BITS-UPDATE
        child 8: RenderConstrainedBox#b0081 NEEDS-LAYOUT NEEDS-PAINT
        child 9: RenderConstrainedBox#4290d NEEDS-LAYOUT NEEDS-PAINT NEEDS-COMPOSITING-BITS-UPDATE
          child: RenderConstrainedBox#86189 NEEDS-LAYOUT NEEDS-PAINT NEEDS-COMPOSITING-BITS-UPDATE
            child: RenderSemanticsAnnotations#98abb NEEDS-LAYOUT NEEDS-PAINT NEEDS-COMPOSITING-BITS-UPDATE
════════════════════════════════════════════════════════════════════════════════════════════════════
══╡ EXCEPTION CAUGHT BY RENDERING LIBRARY ╞═════════════════════════════════════════════════════════
The following assertion was thrown during performLayout():
RenderBox was not laid out: _RenderSingleChildViewport#c7776 relayoutBoundary=up9 NEEDS-PAINT
NEEDS-COMPOSITING-BITS-UPDATE
'package:flutter/src/rendering/box.dart':
Failed assertion: line 2251 pos 12: 'hasSize'

Either the assertion indicates an error in the framework itself, or we should provide substantially
more information in this error message to help you determine and fix the underlying cause.
In either case, please report this assertion by filing a bug on GitHub:
  https://github.com/flutter/flutter/issues/new?template=02_bug.yml

The relevant error-causing widget was:
  SingleChildScrollView
  SingleChildScrollView:file:///C:/dev/ahdash11/mobile/lib/features/party/presentation/party_game_screens.dart:2448:18

When the exception was thrown, this was the stack:
#2      RenderBox.size (package:flutter/src/rendering/box.dart:2251:12)
#3      RenderProxyBoxMixin.performLayout (package:flutter/src/rendering/proxy_box.dart:118:62)
#4      RenderObject.layout (package:flutter/src/rendering/object.dart:2923:7)
#5      RenderProxyBoxMixin.performLayout (package:flutter/src/rendering/proxy_box.dart:118:18)
#6      RenderObject.layout (package:flutter/src/rendering/object.dart:2923:7)
#7      RenderProxyBoxMixin.performLayout (package:flutter/src/rendering/proxy_box.dart:118:18)
#8      RenderObject.layout (package:flutter/src/rendering/object.dart:2923:7)
#9      RenderProxyBoxMixin.performLayout (package:flutter/src/rendering/proxy_box.dart:118:18)
#10     RenderObject.layout (package:flutter/src/rendering/object.dart:2923:7)
#11     RenderProxyBoxMixin.performLayout (package:flutter/src/rendering/proxy_box.dart:118:18)
#12     RenderObject.layout (package:flutter/src/rendering/object.dart:2923:7)
#13     RenderProxyBoxMixin.performLayout (package:flutter/src/rendering/proxy_box.dart:118:18)
#14     RenderObject.layout (package:flutter/src/rendering/object.dart:2923:7)
#15     RenderProxyBoxMixin.performLayout (package:flutter/src/rendering/proxy_box.dart:118:18)
#16     RenderObject.layout (package:flutter/src/rendering/object.dart:2923:7)
#17     RenderProxyBoxMixin.performLayout (package:flutter/src/rendering/proxy_box.dart:118:18)
#18     _RenderCustomClip.performLayout (package:flutter/src/rendering/proxy_box.dart:1549:11)
#19     RenderObject.layout (package:flutter/src/rendering/object.dart:2923:7)
#20     ChildLayoutHelper.layoutChild (package:flutter/src/rendering/layout_helper.dart:62:11)
#21     RenderFlex._computeSizes (package:flutter/src/rendering/flex.dart:1275:26)
#22     RenderFlex.performLayout (package:flutter/src/rendering/flex.dart:1329:32)
#23     RenderObject.layout (package:flutter/src/rendering/object.dart:2923:7)
#24     RenderPadding.performLayout (package:flutter/src/rendering/shifted_box.dart:262:12)
#25     RenderObject.layout (package:flutter/src/rendering/object.dart:2923:7)
#26     RenderProxyBoxMixin.performLayout (package:flutter/src/rendering/proxy_box.dart:118:18)
#27     RenderObject.layout (package:flutter/src/rendering/object.dart:2923:7)
#28     ChildLayoutHelper.layoutChild (package:flutter/src/rendering/layout_helper.dart:62:11)
#29     RenderStack._computeSize (package:flutter/src/rendering/stack.dart:647:43)
#30     RenderStack.performLayout (package:flutter/src/rendering/stack.dart:682:12)
#31     RenderObject.layout (package:flutter/src/rendering/object.dart:2923:7)
#32     MultiChildLayoutDelegate.layoutChild (package:flutter/src/rendering/custom_layout.dart:180:12)
#33     _ScaffoldLayout.performLayout (package:flutter/src/material/scaffold.dart:1113:7)
#34     MultiChildLayoutDelegate._callPerformLayout (package:flutter/src/rendering/custom_layout.dart:246:7)
#35     RenderCustomMultiChildLayoutBox.performLayout (package:flutter/src/rendering/custom_layout.dart:417:14)
#36     RenderObject.layout (package:flutter/src/rendering/object.dart:2923:7)
#37     RenderProxyBoxMixin.performLayout (package:flutter/src/rendering/proxy_box.dart:118:18)
#38     RenderObject.layout (package:flutter/src/rendering/object.dart:2923:7)
#39     RenderProxyBoxMixin.performLayout (package:flutter/src/rendering/proxy_box.dart:118:18)
#40     _RenderCustomClip.performLayout (package:flutter/src/rendering/proxy_box.dart:1549:11)
#41     RenderObject.layout (package:flutter/src/rendering/object.dart:2923:7)
#42     RenderProxyBoxMixin.performLayout (package:flutter/src/rendering/proxy_box.dart:118:18)
#43     RenderObject.layout (package:flutter/src/rendering/object.dart:2923:7)
#44     RenderProxyBoxMixin.performLayout (package:flutter/src/rendering/proxy_box.dart:118:18)
#45     RenderObject.layout (package:flutter/src/rendering/object.dart:2923:7)
#46     RenderProxyBoxMixin.performLayout (package:flutter/src/rendering/proxy_box.dart:118:18)
#47     RenderObject.layout (package:flutter/src/rendering/object.dart:2923:7)
#48     RenderProxyBoxMixin.performLayout (package:flutter/src/rendering/proxy_box.dart:118:18)
#49     RenderObject.layout (package:flutter/src/rendering/object.dart:2923:7)
#50     RenderProxyBoxMixin.performLayout (package:flutter/src/rendering/proxy_box.dart:118:18)
#51     RenderObject.layout (package:flutter/src/rendering/object.dart:2923:7)
#52     RenderProxyBoxMixin.performLayout (package:flutter/src/rendering/proxy_box.dart:118:18)
#53     RenderObject.layout (package:flutter/src/rendering/object.dart:2923:7)
#54     RenderProxyBoxMixin.performLayout (package:flutter/src/rendering/proxy_box.dart:118:18)
#55     RenderObject.layout (package:flutter/src/rendering/object.dart:2923:7)
#56     RenderProxyBoxMixin.performLayout (package:flutter/src/rendering/proxy_box.dart:118:18)
#57     RenderObject.layout (package:flutter/src/rendering/object.dart:2923:7)
#58     RenderProxyBoxMixin.performLayout (package:flutter/src/rendering/proxy_box.dart:118:18)
#59     RenderObject.layout (package:flutter/src/rendering/object.dart:2923:7)
#60     RenderProxyBoxMixin.performLayout (package:flutter/src/rendering/proxy_box.dart:118:18)
#61     RenderObject.layout (package:flutter/src/rendering/object.dart:2923:7)
#62     RenderProxyBoxMixin.performLayout (package:flutter/src/rendering/proxy_box.dart:118:18)
#63     RenderObject.layout (package:flutter/src/rendering/object.dart:2923:7)
#64     RenderProxyBoxMixin.performLayout (package:flutter/src/rendering/proxy_box.dart:118:18)
#65     RenderObject.layout (package:flutter/src/rendering/object.dart:2923:7)
#66     RenderProxyBoxMixin.performLayout (package:flutter/src/rendering/proxy_box.dart:118:18)
#67     RenderObject.layout (package:flutter/src/rendering/object.dart:2923:7)
#68     RenderProxyBoxMixin.performLayout (package:flutter/src/rendering/proxy_box.dart:118:18)
#69     RenderObject.layout (package:flutter/src/rendering/object.dart:2923:7)
#70     RenderProxyBoxMixin.performLayout (package:flutter/src/rendering/proxy_box.dart:118:18)
#71     RenderObject.layout (package:flutter/src/rendering/object.dart:2923:7)
#72     RenderProxyBoxMixin.performLayout (package:flutter/src/rendering/proxy_box.dart:118:18)
#73     RenderObject.layout (package:flutter/src/rendering/object.dart:2923:7)
#74     RenderProxyBoxMixin.performLayout (package:flutter/src/rendering/proxy_box.dart:118:18)
#75     RenderOffstage.performLayout (package:flutter/src/rendering/proxy_box.dart:3923:13)
#76     RenderObject.layout (package:flutter/src/rendering/object.dart:2923:7)
#77     RenderProxyBoxMixin.performLayout (package:flutter/src/rendering/proxy_box.dart:118:18)
#78     RenderObject.layout (package:flutter/src/rendering/object.dart:2923:7)
#79     _RenderTheaterMixin.layoutChild (package:flutter/src/widgets/overlay.dart:1124:13)
#80     _RenderTheater.performLayout (package:flutter/src/widgets/overlay.dart:1482:9)
#81     RenderObject.layout (package:flutter/src/rendering/object.dart:2923:7)
#82     RenderProxyBoxMixin.performLayout (package:flutter/src/rendering/proxy_box.dart:118:18)
#83     RenderObject.layout (package:flutter/src/rendering/object.dart:2923:7)
#84     RenderProxyBoxMixin.performLayout (package:flutter/src/rendering/proxy_box.dart:118:18)
#85     RenderObject.layout (package:flutter/src/rendering/object.dart:2923:7)
#86     RenderProxyBoxMixin.performLayout (package:flutter/src/rendering/proxy_box.dart:118:18)
#87     RenderObject.layout (package:flutter/src/rendering/object.dart:2923:7)
#88     RenderProxyBoxMixin.performLayout (package:flutter/src/rendering/proxy_box.dart:118:18)
#89     RenderObject.layout (package:flutter/src/rendering/object.dart:2923:7)
#90     RenderProxyBoxMixin.performLayout (package:flutter/src/rendering/proxy_box.dart:118:18)
#91     RenderObject.layout (package:flutter/src/rendering/object.dart:2923:7)
#92     RenderProxyBoxMixin.performLayout (package:flutter/src/rendering/proxy_box.dart:118:18)
#93     RenderObject.layout (package:flutter/src/rendering/object.dart:2923:7)
#94     RenderProxyBoxMixin.performLayout (package:flutter/src/rendering/proxy_box.dart:118:18)
#95     RenderObject.layout (package:flutter/src/rendering/object.dart:2923:7)
#96     RenderProxyBoxMixin.performLayout (package:flutter/src/rendering/proxy_box.dart:118:18)
#97     RenderObject.layout (package:flutter/src/rendering/object.dart:2923:7)
#98     RenderProxyBoxMixin.performLayout (package:flutter/src/rendering/proxy_box.dart:118:18)
#99     RenderObject.layout (package:flutter/src/rendering/object.dart:2923:7)
#100    RenderView.performLayout (package:flutter/src/rendering/view.dart:292:12)
#101    RenderObject._layoutWithoutResize (package:flutter/src/rendering/object.dart:2771:7)
#102    PipelineOwner.flushLayout (package:flutter/src/rendering/object.dart:1174:18)
#103    PipelineOwner.flushLayout (package:flutter/src/rendering/object.dart:1187:15)
#104    AutomatedTestWidgetsFlutterBinding.drawFrame (package:flutter_test/src/binding.dart:2434:27)
#105    RendererBinding._handlePersistentFrameCallback (package:flutter/src/rendering/binding.dart:558:5)
#106    SchedulerBinding._invokeFrameCallback (package:flutter/src/scheduler/binding.dart:1430:15)
#107    SchedulerBinding.handleDrawFrame (package:flutter/src/scheduler/binding.dart:1345:9)
#108    AutomatedTestWidgetsFlutterBinding.pump.<anonymous closure> (package:flutter_test/src/binding.dart:2261:9)
#111    TestAsyncUtils.guard (package:flutter_test/src/test_async_utils.dart:74:41)
#112    AutomatedTestWidgetsFlutterBinding.pump (package:flutter_test/src/binding.dart:2250:27)
#113    WidgetTester.pumpWidget.<anonymous closure> (package:flutter_test/src/widget_tester.dart:598:22)
#116    TestAsyncUtils.guard (package:flutter_test/src/test_async_utils.dart:74:41)
#117    WidgetTester.pumpWidget (package:flutter_test/src/widget_tester.dart:595:27)
#118    _pumpGolden (file:///C:/dev/ahdash11/mobile/test/visual/v10_phase_b_golden_test.dart:420:16)
#119    registerVisualTests.<anonymous closure> (file:///C:/dev/ahdash11/mobile/test/visual/v10_phase_b_golden_test.dart:184:13)
#120    testWidgets.<anonymous closure>.<anonymous closure> (package:flutter_test/src/widget_tester.dart:192:29)
<asynchronous suspension>
#121    TestWidgetsFlutterBinding._runTestBody (package:flutter_test/src/binding.dart:1953:5)
<asynchronous suspension>
<asynchronous suspension>
(elided 7 frames from class _AssertionError, dart:async, and package:stack_trace)

The following RenderObject was being processed when the exception was fired: RenderIgnorePointer#87435 relayoutBoundary=up8 NEEDS-LAYOUT NEEDS-PAINT NEEDS-COMPOSITING-BITS-UPDATE:
  creator: IgnorePointer-[GlobalKey#38224] ← Semantics ← Listener ← _GestureSemantics ←
    RawGestureDetector-[LabeledGlobalKey<RawGestureDetectorState>#3217f] ← Listener ← _ScrollableScope
    ← _ScrollSemantics-[GlobalKey#4b511] ← NotificationListener<ScrollMetricsNotification> ← Transform
    ← StretchEffect ← ClipRect ← ⋯
  parentData: <none> (can use size)
  constraints: BoxConstraints(0.0<=w<=360.0, h=602.0)
  size: MISSING
  ignoring: false
  ignoringSemantics: null
This RenderObject had the following descendants (showing up to depth 5):
    child: _RenderSingleChildViewport#c7776 relayoutBoundary=up9 NEEDS-PAINT NEEDS-COMPOSITING-BITS-UPDATE
      child: RenderPadding#6214e relayoutBoundary=up10 NEEDS-PAINT NEEDS-COMPOSITING-BITS-UPDATE
        child: RenderFlex#d68e6 relayoutBoundary=up11 NEEDS-PAINT NEEDS-COMPOSITING-BITS-UPDATE
          child 1: RenderSemanticsAnnotations#8b680 relayoutBoundary=up12 NEEDS-PAINT NEEDS-COMPOSITING-BITS-UPDATE
            child: RenderPhysicalModel#a3e9c relayoutBoundary=up13 NEEDS-PAINT NEEDS-COMPOSITING-BITS-UPDATE
          child 2: RenderConstrainedBox#75e8a relayoutBoundary=up12 NEEDS-PAINT
          child 3: RenderParagraph#e68b1 relayoutBoundary=up12 NEEDS-PAINT
            text: TextSpan
          child 4: RenderConstrainedBox#de250 relayoutBoundary=up12 NEEDS-PAINT
          child 5: RenderConstrainedBox#7f6aa relayoutBoundary=up12 NEEDS-PAINT NEEDS-COMPOSITING-BITS-UPDATE
            child: RenderConstrainedBox#52bb9 relayoutBoundary=up13 NEEDS-PAINT NEEDS-COMPOSITING-BITS-UPDATE
          child 6: RenderConstrainedBox#beea5 NEEDS-LAYOUT NEEDS-PAINT
          child 7: RenderConstrainedBox#0b419 NEEDS-LAYOUT NEEDS-PAINT NEEDS-COMPOSITING-BITS-UPDATE
            child: RenderConstrainedBox#497f1 NEEDS-LAYOUT NEEDS-PAINT NEEDS-COMPOSITING-BITS-UPDATE
          child 8: RenderConstrainedBox#b0081 NEEDS-LAYOUT NEEDS-PAINT
          child 9: RenderConstrainedBox#4290d NEEDS-LAYOUT NEEDS-PAINT NEEDS-COMPOSITING-BITS-UPDATE
            child: RenderConstrainedBox#86189 NEEDS-LAYOUT NEEDS-PAINT NEEDS-COMPOSITING-BITS-UPDATE
════════════════════════════════════════════════════════════════════════════════════════════════════
══╡ EXCEPTION CAUGHT BY RENDERING LIBRARY ╞═════════════════════════════════════════════════════════
The following assertion was thrown during performLayout():
RenderBox was not laid out: RenderIgnorePointer#87435 relayoutBoundary=up8 NEEDS-PAINT
NEEDS-COMPOSITING-BITS-UPDATE
'package:flutter/src/rendering/box.dart':
Failed assertion: line 2251 pos 12: 'hasSize'

Either the assertion indicates an error in the framework itself, or we should provide substantially
more information in this error message to help you determine and fix the underlying cause.
In either case, please report this assertion by filing a bug on GitHub:
  https://github.com/flutter/flutter/issues/new?template=02_bug.yml

The relevant error-causing widget was:
  SingleChildScrollView
  SingleChildScrollView:file:///C:/dev/ahdash11/mobile/lib/features/party/presentation/party_game_screens.dart:2448:18

When the exception was thrown, this was the stack:
#2      RenderBox.size (package:flutter/src/rendering/box.dart:2251:12)
#3      RenderProxyBoxMixin.performLayout (package:flutter/src/rendering/proxy_box.dart:118:62)
#4      RenderObject.layout (package:flutter/src/rendering/object.dart:2923:7)
#5      RenderProxyBoxMixin.performLayout (package:flutter/src/rendering/proxy_box.dart:118:18)
#6      RenderObject.layout (package:flutter/src/rendering/object.dart:2923:7)
#7      RenderProxyBoxMixin.performLayout (package:flutter/src/rendering/proxy_box.dart:118:18)
#8      RenderObject.layout (package:flutter/src/rendering/object.dart:2923:7)
#9      RenderProxyBoxMixin.performLayout (package:flutter/src/rendering/proxy_box.dart:118:18)
#10     RenderObject.layout (package:flutter/src/rendering/object.dart:2923:7)
#11     RenderProxyBoxMixin.performLayout (package:flutter/src/rendering/proxy_box.dart:118:18)
#12     RenderObject.layout (package:flutter/src/rendering/object.dart:2923:7)
#13     RenderProxyBoxMixin.performLayout (package:flutter/src/rendering/proxy_box.dart:118:18)
#14     RenderObject.layout (package:flutter/src/rendering/object.dart:2923:7)
#15     RenderProxyBoxMixin.performLayout (package:flutter/src/rendering/proxy_box.dart:118:18)
#16     _RenderCustomClip.performLayout (package:flutter/src/rendering/proxy_box.dart:1549:11)
#17     RenderObject.layout (package:flutter/src/rendering/object.dart:2923:7)
#18     ChildLayoutHelper.layoutChild (package:flutter/src/rendering/layout_helper.dart:62:11)
#19     RenderFlex._computeSizes (package:flutter/src/rendering/flex.dart:1275:26)
#20     RenderFlex.performLayout (package:flutter/src/rendering/flex.dart:1329:32)
#21     RenderObject.layout (package:flutter/src/rendering/object.dart:2923:7)
#22     RenderPadding.performLayout (package:flutter/src/rendering/shifted_box.dart:262:12)
#23     RenderObject.layout (package:flutter/src/rendering/object.dart:2923:7)
#24     RenderProxyBoxMixin.performLayout (package:flutter/src/rendering/proxy_box.dart:118:18)
#25     RenderObject.layout (package:flutter/src/rendering/object.dart:2923:7)
#26     ChildLayoutHelper.layoutChild (package:flutter/src/rendering/layout_helper.dart:62:11)
#27     RenderStack._computeSize (package:flutter/src/rendering/stack.dart:647:43)
#28     RenderStack.performLayout (package:flutter/src/rendering/stack.dart:682:12)
#29     RenderObject.layout (package:flutter/src/rendering/object.dart:2923:7)
#30     MultiChildLayoutDelegate.layoutChild (package:flutter/src/rendering/custom_layout.dart:180:12)
#31     _ScaffoldLayout.performLayout (package:flutter/src/material/scaffold.dart:1113:7)
#32     MultiChildLayoutDelegate._callPerformLayout (package:flutter/src/rendering/custom_layout.dart:246:7)
#33     RenderCustomMultiChildLayoutBox.performLayout (package:flutter/src/rendering/custom_layout.dart:417:14)
#34     RenderObject.layout (package:flutter/src/rendering/object.dart:2923:7)
#35     RenderProxyBoxMixin.performLayout (package:flutter/src/rendering/proxy_box.dart:118:18)
#36     RenderObject.layout (package:flutter/src/rendering/object.dart:2923:7)
#37     RenderProxyBoxMixin.performLayout (package:flutter/src/rendering/proxy_box.dart:118:18)
#38     _RenderCustomClip.performLayout (package:flutter/src/rendering/proxy_box.dart:1549:11)
#39     RenderObject.layout (package:flutter/src/rendering/object.dart:2923:7)
#40     RenderProxyBoxMixin.performLayout (package:flutter/src/rendering/proxy_box.dart:118:18)
#41     RenderObject.layout (package:flutter/src/rendering/object.dart:2923:7)
#42     RenderProxyBoxMixin.performLayout (package:flutter/src/rendering/proxy_box.dart:118:18)
#43     RenderObject.layout (package:flutter/src/rendering/object.dart:2923:7)
#44     RenderProxyBoxMixin.performLayout (package:flutter/src/rendering/proxy_box.dart:118:18)
#45     RenderObject.layout (package:flutter/src/rendering/object.dart:2923:7)
#46     RenderProxyBoxMixin.performLayout (package:flutter/src/rendering/proxy_box.dart:118:18)
#47     RenderObject.layout (package:flutter/src/rendering/object.dart:2923:7)
#48     RenderProxyBoxMixin.performLayout (package:flutter/src/rendering/proxy_box.dart:118:18)
#49     RenderObject.layout (package:flutter/src/rendering/object.dart:2923:7)
#50     RenderProxyBoxMixin.performLayout (package:flutter/src/rendering/proxy_box.dart:118:18)
#51     RenderObject.layout (package:flutter/src/rendering/object.dart:2923:7)
#52     RenderProxyBoxMixin.performLayout (package:flutter/src/rendering/proxy_box.dart:118:18)
#53     RenderObject.layout (package:flutter/src/rendering/object.dart:2923:7)
#54     RenderProxyBoxMixin.performLayout (package:flutter/src/rendering/proxy_box.dart:118:18)
#55     RenderObject.layout (package:flutter/src/rendering/object.dart:2923:7)
#56     RenderProxyBoxMixin.performLayout (package:flutter/src/rendering/proxy_box.dart:118:18)
#57     RenderObject.layout (package:flutter/src/rendering/object.dart:2923:7)
#58     RenderProxyBoxMixin.performLayout (package:flutter/src/rendering/proxy_box.dart:118:18)
#59     RenderObject.layout (package:flutter/src/rendering/object.dart:2923:7)
#60     RenderProxyBoxMixin.performLayout (package:flutter/src/rendering/proxy_box.dart:118:18)
#61     RenderObject.layout (package:flutter/src/rendering/object.dart:2923:7)
#62     RenderProxyBoxMixin.performLayout (package:flutter/src/rendering/proxy_box.dart:118:18)
#63     RenderObject.layout (package:flutter/src/rendering/object.dart:2923:7)
#64     RenderProxyBoxMixin.performLayout (package:flutter/src/rendering/proxy_box.dart:118:18)
#65     RenderObject.layout (package:flutter/src/rendering/object.dart:2923:7)
#66     RenderProxyBoxMixin.performLayout (package:flutter/src/rendering/proxy_box.dart:118:18)
#67     RenderObject.layout (package:flutter/src/rendering/object.dart:2923:7)
#68     RenderProxyBoxMixin.performLayout (package:flutter/src/rendering/proxy_box.dart:118:18)
#69     RenderObject.layout (package:flutter/src/rendering/object.dart:2923:7)
#70     RenderProxyBoxMixin.performLayout (package:flutter/src/rendering/proxy_box.dart:118:18)
#71     RenderObject.layout (package:flutter/src/rendering/object.dart:2923:7)
#72     RenderProxyBoxMixin.performLayout (package:flutter/src/rendering/proxy_box.dart:118:18)
#73     RenderOffstage.performLayout (package:flutter/src/rendering/proxy_box.dart:3923:13)
#74     RenderObject.layout (package:flutter/src/rendering/object.dart:2923:7)
#75     RenderProxyBoxMixin.performLayout (package:flutter/src/rendering/proxy_box.dart:118:18)
#76     RenderObject.layout (package:flutter/src/rendering/object.dart:2923:7)
#77     _RenderTheaterMixin.layoutChild (package:flutter/src/widgets/overlay.dart:1124:13)
#78     _RenderTheater.performLayout (package:flutter/src/widgets/overlay.dart:1482:9)
#79     RenderObject.layout (package:flutter/src/rendering/object.dart:2923:7)
#80     RenderProxyBoxMixin.performLayout (package:flutter/src/rendering/proxy_box.dart:118:18)
#81     RenderObject.layout (package:flutter/src/rendering/object.dart:2923:7)
#82     RenderProxyBoxMixin.performLayout (package:flutter/src/rendering/proxy_box.dart:118:18)
#83     RenderObject.layout (package:flutter/src/rendering/object.dart:2923:7)
#84     RenderProxyBoxMixin.performLayout (package:flutter/src/rendering/proxy_box.dart:118:18)
#85     RenderObject.layout (package:flutter/src/rendering/object.dart:2923:7)
#86     RenderProxyBoxMixin.performLayout (package:flutter/src/rendering/proxy_box.dart:118:18)
#87     RenderObject.layout (package:flutter/src/rendering/object.dart:2923:7)
#88     RenderProxyBoxMixin.performLayout (package:flutter/src/rendering/proxy_box.dart:118:18)
#89     RenderObject.layout (package:flutter/src/rendering/object.dart:2923:7)
#90     RenderProxyBoxMixin.performLayout (package:flutter/src/rendering/proxy_box.dart:118:18)
#91     RenderObject.layout (package:flutter/src/rendering/object.dart:2923:7)
#92     RenderProxyBoxMixin.performLayout (package:flutter/src/rendering/proxy_box.dart:118:18)
#93     RenderObject.layout (package:flutter/src/rendering/object.dart:2923:7)
#94     RenderProxyBoxMixin.performLayout (package:flutter/src/rendering/proxy_box.dart:118:18)
#95     RenderObject.layout (package:flutter/src/rendering/object.dart:2923:7)
#96     RenderProxyBoxMixin.performLayout (package:flutter/src/rendering/proxy_box.dart:118:18)
#97     RenderObject.layout (package:flutter/src/rendering/object.dart:2923:7)
#98     RenderView.performLayout (package:flutter/src/rendering/view.dart:292:12)
#99     RenderObject._layoutWithoutResize (package:flutter/src/rendering/object.dart:2771:7)
#100    PipelineOwner.flushLayout (package:flutter/src/rendering/object.dart:1174:18)
#101    PipelineOwner.flushLayout (package:flutter/src/rendering/object.dart:1187:15)
#102    AutomatedTestWidgetsFlutterBinding.drawFrame (package:flutter_test/src/binding.dart:2434:27)
#103    RendererBinding._handlePersistentFrameCallback (package:flutter/src/rendering/binding.dart:558:5)
#104    SchedulerBinding._invokeFrameCallback (package:flutter/src/scheduler/binding.dart:1430:15)
#105    SchedulerBinding.handleDrawFrame (package:flutter/src/scheduler/binding.dart:1345:9)
#106    AutomatedTestWidgetsFlutterBinding.pump.<anonymous closure> (package:flutter_test/src/binding.dart:2261:9)
#109    TestAsyncUtils.guard (package:flutter_test/src/test_async_utils.dart:74:41)
#110    AutomatedTestWidgetsFlutterBinding.pump (package:flutter_test/src/binding.dart:2250:27)
#111    WidgetTester.pumpWidget.<anonymous closure> (package:flutter_test/src/widget_tester.dart:598:22)
#114    TestAsyncUtils.guard (package:flutter_test/src/test_async_utils.dart:74:41)
#115    WidgetTester.pumpWidget (package:flutter_test/src/widget_tester.dart:595:27)
#116    _pumpGolden (file:///C:/dev/ahdash11/mobile/test/visual/v10_phase_b_golden_test.dart:420:16)
#117    registerVisualTests.<anonymous closure> (file:///C:/dev/ahdash11/mobile/test/visual/v10_phase_b_golden_test.dart:184:13)
#118    testWidgets.<anonymous closure>.<anonymous closure> (package:flutter_test/src/widget_tester.dart:192:29)
<asynchronous suspension>
#119    TestWidgetsFlutterBinding._runTestBody (package:flutter_test/src/binding.dart:1953:5)
<asynchronous suspension>
<asynchronous suspension>
(elided 7 frames from class _AssertionError, dart:async, and package:stack_trace)

The following RenderObject was being processed when the exception was fired: RenderSemanticsAnnotations#86700 relayoutBoundary=up7 NEEDS-LAYOUT NEEDS-PAINT NEEDS-COMPOSITING-BITS-UPDATE:
  creator: Semantics ← Listener ← _GestureSemantics ←
    RawGestureDetector-[LabeledGlobalKey<RawGestureDetectorState>#3217f] ← Listener ← _ScrollableScope
    ← _ScrollSemantics-[GlobalKey#4b511] ← NotificationListener<ScrollMetricsNotification> ← Transform
    ← StretchEffect ← ClipRect ← AnimatedBuilder ← ⋯
  parentData: <none> (can use size)
  constraints: BoxConstraints(0.0<=w<=360.0, h=602.0)
  size: MISSING
This RenderObject had the following descendants (showing up to depth 5):
    child: RenderIgnorePointer#87435 relayoutBoundary=up8 NEEDS-PAINT NEEDS-COMPOSITING-BITS-UPDATE
      child: _RenderSingleChildViewport#c7776 relayoutBoundary=up9 NEEDS-PAINT NEEDS-COMPOSITING-BITS-UPDATE
        child: RenderPadding#6214e relayoutBoundary=up10 NEEDS-PAINT NEEDS-COMPOSITING-BITS-UPDATE
          child: RenderFlex#d68e6 relayoutBoundary=up11 NEEDS-PAINT NEEDS-COMPOSITING-BITS-UPDATE
            child 1: RenderSemanticsAnnotations#8b680 relayoutBoundary=up12 NEEDS-PAINT NEEDS-COMPOSITING-BITS-UPDATE
            child 2: RenderConstrainedBox#75e8a relayoutBoundary=up12 NEEDS-PAINT
            child 3: RenderParagraph#e68b1 relayoutBoundary=up12 NEEDS-PAINT
            child 4: RenderConstrainedBox#de250 relayoutBoundary=up12 NEEDS-PAINT
            child 5: RenderConstrainedBox#7f6aa relayoutBoundary=up12 NEEDS-PAINT NEEDS-COMPOSITING-BITS-UPDATE
            child 6: RenderConstrainedBox#beea5 NEEDS-LAYOUT NEEDS-PAINT
            child 7: RenderConstrainedBox#0b419 NEEDS-LAYOUT NEEDS-PAINT NEEDS-COMPOSITING-BITS-UPDATE
            child 8: RenderConstrainedBox#b0081 NEEDS-LAYOUT NEEDS-PAINT
            child 9: RenderConstrainedBox#4290d NEEDS-LAYOUT NEEDS-PAINT NEEDS-COMPOSITING-BITS-UPDATE
════════════════════════════════════════════════════════════════════════════════════════════════════
══╡ EXCEPTION CAUGHT BY RENDERING LIBRARY ╞═════════════════════════════════════════════════════════
The following assertion was thrown during performLayout():
RenderBox was not laid out: RenderSemanticsAnnotations#86700 relayoutBoundary=up7 NEEDS-PAINT
NEEDS-COMPOSITING-BITS-UPDATE
'package:flutter/src/rendering/box.dart':
Failed assertion: line 2251 pos 12: 'hasSize'

Either the assertion indicates an error in the framework itself, or we should provide substantially
more information in this error message to help you determine and fix the underlying cause.
In either case, please report this assertion by filing a bug on GitHub:
  https://github.com/flutter/flutter/issues/new?template=02_bug.yml

The relevant error-causing widget was:
  SingleChildScrollView
  SingleChildScrollView:file:///C:/dev/ahdash11/mobile/lib/features/party/presentation/party_game_screens.dart:2448:18

When the exception was thrown, this was the stack:
#2      RenderBox.size (package:flutter/src/rendering/box.dart:2251:12)
#3      RenderProxyBoxMixin.performLayout (package:flutter/src/rendering/proxy_box.dart:118:62)
#4      RenderObject.layout (package:flutter/src/rendering/object.dart:2923:7)
#5      RenderProxyBoxMixin.performLayout (package:flutter/src/rendering/proxy_box.dart:118:18)
#6      RenderObject.layout (package:flutter/src/rendering/object.dart:2923:7)
#7      RenderProxyBoxMixin.performLayout (package:flutter/src/rendering/proxy_box.dart:118:18)
#8      RenderObject.layout (package:flutter/src/rendering/object.dart:2923:7)
#9      RenderProxyBoxMixin.performLayout (package:flutter/src/rendering/proxy_box.dart:118:18)
#10     RenderObject.layout (package:flutter/src/rendering/object.dart:2923:7)
#11     RenderProxyBoxMixin.performLayout (package:flutter/src/rendering/proxy_box.dart:118:18)
#12     RenderObject.layout (package:flutter/src/rendering/object.dart:2923:7)
#13     RenderProxyBoxMixin.performLayout (package:flutter/src/rendering/proxy_box.dart:118:18)
#14     _RenderCustomClip.performLayout (package:flutter/src/rendering/proxy_box.dart:1549:11)
#15     RenderObject.layout (package:flutter/src/rendering/object.dart:2923:7)
#16     ChildLayoutHelper.layoutChild (package:flutter/src/rendering/layout_helper.dart:62:11)
#17     RenderFlex._computeSizes (package:flutter/src/rendering/flex.dart:1275:26)
#18     RenderFlex.performLayout (package:flutter/src/rendering/flex.dart:1329:32)
#19     RenderObject.layout (package:flutter/src/rendering/object.dart:2923:7)
#20     RenderPadding.performLayout (package:flutter/src/rendering/shifted_box.dart:262:12)
#21     RenderObject.layout (package:flutter/src/rendering/object.dart:2923:7)
#22     RenderProxyBoxMixin.performLayout (package:flutter/src/rendering/proxy_box.dart:118:18)
#23     RenderObject.layout (package:flutter/src/rendering/object.dart:2923:7)
#24     ChildLayoutHelper.layoutChild (package:flutter/src/rendering/layout_helper.dart:62:11)
#25     RenderStack._computeSize (package:flutter/src/rendering/stack.dart:647:43)
#26     RenderStack.performLayout (package:flutter/src/rendering/stack.dart:682:12)
#27     RenderObject.layout (package:flutter/src/rendering/object.dart:2923:7)
#28     MultiChildLayoutDelegate.layoutChild (package:flutter/src/rendering/custom_layout.dart:180:12)
#29     _ScaffoldLayout.performLayout (package:flutter/src/material/scaffold.dart:1113:7)
#30     MultiChildLayoutDelegate._callPerformLayout (package:flutter/src/rendering/custom_layout.dart:246:7)
#31     RenderCustomMultiChildLayoutBox.performLayout (package:flutter/src/rendering/custom_layout.dart:417:14)
#32     RenderObject.layout (package:flutter/src/rendering/object.dart:2923:7)
#33     RenderProxyBoxMixin.performLayout (package:flutter/src/rendering/proxy_box.dart:118:18)
#34     RenderObject.layout (package:flutter/src/rendering/object.dart:2923:7)
#35     RenderProxyBoxMixin.performLayout (package:flutter/src/rendering/proxy_box.dart:118:18)
#36     _RenderCustomClip.performLayout (package:flutter/src/rendering/proxy_box.dart:1549:11)
#37     RenderObject.layout (package:flutter/src/rendering/object.dart:2923:7)
#38     RenderProxyBoxMixin.performLayout (package:flutter/src/rendering/proxy_box.dart:118:18)
#39     RenderObject.layout (package:flutter/src/rendering/object.dart:2923:7)
#40     RenderProxyBoxMixin.performLayout (package:flutter/src/rendering/proxy_box.dart:118:18)
#41     RenderObject.layout (package:flutter/src/rendering/object.dart:2923:7)
#42     RenderProxyBoxMixin.performLayout (package:flutter/src/rendering/proxy_box.dart:118:18)
#43     RenderObject.layout (package:flutter/src/rendering/object.dart:2923:7)
#44     RenderProxyBoxMixin.performLayout (package:flutter/src/rendering/proxy_box.dart:118:18)
#45     RenderObject.layout (package:flutter/src/rendering/object.dart:2923:7)
#46     RenderProxyBoxMixin.performLayout (package:flutter/src/rendering/proxy_box.dart:118:18)
#47     RenderObject.layout (package:flutter/src/rendering/object.dart:2923:7)
#48     RenderProxyBoxMixin.performLayout (package:flutter/src/rendering/proxy_box.dart:118:18)
#49     RenderObject.layout (package:flutter/src/rendering/object.dart:2923:7)
#50     RenderProxyBoxMixin.performLayout (package:flutter/src/rendering/proxy_box.dart:118:18)
#51     RenderObject.layout (package:flutter/src/rendering/object.dart:2923:7)
#52     RenderProxyBoxMixin.performLayout (package:flutter/src/rendering/proxy_box.dart:118:18)
#53     RenderObject.layout (package:flutter/src/rendering/object.dart:2923:7)
#54     RenderProxyBoxMixin.performLayout (package:flutter/src/rendering/proxy_box.dart:118:18)
#55     RenderObject.layout (package:flutter/src/rendering/object.dart:2923:7)
#56     RenderProxyBoxMixin.performLayout (package:flutter/src/rendering/proxy_box.dart:118:18)
#57     RenderObject.layout (package:flutter/src/rendering/object.dart:2923:7)
#58     RenderProxyBoxMixin.performLayout (package:flutter/src/rendering/proxy_box.dart:118:18)
#59     RenderObject.layout (package:flutter/src/rendering/object.dart:2923:7)
#60     RenderProxyBoxMixin.performLayout (package:flutter/src/rendering/proxy_box.dart:118:18)
#61     RenderObject.layout (package:flutter/src/rendering/object.dart:2923:7)
#62     RenderProxyBoxMixin.performLayout (package:flutter/src/rendering/proxy_box.dart:118:18)
#63     RenderObject.layout (package:flutter/src/rendering/object.dart:2923:7)
#64     RenderProxyBoxMixin.performLayout (package:flutter/src/rendering/proxy_box.dart:118:18)
#65     RenderObject.layout (package:flutter/src/rendering/object.dart:2923:7)
#66     RenderProxyBoxMixin.performLayout (package:flutter/src/rendering/proxy_box.dart:118:18)
#67     RenderObject.layout (package:flutter/src/rendering/object.dart:2923:7)
#68     RenderProxyBoxMixin.performLayout (package:flutter/src/rendering/proxy_box.dart:118:18)
#69     RenderObject.layout (package:flutter/src/rendering/object.dart:2923:7)
#70     RenderProxyBoxMixin.performLayout (package:flutter/src/rendering/proxy_box.dart:118:18)
#71     RenderOffstage.performLayout (package:flutter/src/rendering/proxy_box.dart:3923:13)
#72     RenderObject.layout (package:flutter/src/rendering/object.dart:2923:7)
#73     RenderProxyBoxMixin.performLayout (package:flutter/src/rendering/proxy_box.dart:118:18)
#74     RenderObject.layout (package:flutter/src/rendering/object.dart:2923:7)
#75     _RenderTheaterMixin.layoutChild (package:flutter/src/widgets/overlay.dart:1124:13)
#76     _RenderTheater.performLayout (package:flutter/src/widgets/overlay.dart:1482:9)
#77     RenderObject.layout (package:flutter/src/rendering/object.dart:2923:7)
#78     RenderProxyBoxMixin.performLayout (package:flutter/src/rendering/proxy_box.dart:118:18)
#79     RenderObject.layout (package:flutter/src/rendering/object.dart:2923:7)
#80     RenderProxyBoxMixin.performLayout (package:flutter/src/rendering/proxy_box.dart:118:18)
#81     RenderObject.layout (package:flutter/src/rendering/object.dart:2923:7)
#82     RenderProxyBoxMixin.performLayout (package:flutter/src/rendering/proxy_box.dart:118:18)
#83     RenderObject.layout (package:flutter/src/rendering/object.dart:2923:7)
#84     RenderProxyBoxMixin.performLayout (package:flutter/src/rendering/proxy_box.dart:118:18)
#85     RenderObject.layout (package:flutter/src/rendering/object.dart:2923:7)
#86     RenderProxyBoxMixin.performLayout (package:flutter/src/rendering/proxy_box.dart:118:18)
#87     RenderObject.layout (package:flutter/src/rendering/object.dart:2923:7)
#88     RenderProxyBoxMixin.performLayout (package:flutter/src/rendering/proxy_box.dart:118:18)
#89     RenderObject.layout (package:flutter/src/rendering/object.dart:2923:7)
#90     RenderProxyBoxMixin.performLayout (package:flutter/src/rendering/proxy_box.dart:118:18)
#91     RenderObject.layout (package:flutter/src/rendering/object.dart:2923:7)
#92     RenderProxyBoxMixin.performLayout (package:flutter/src/rendering/proxy_box.dart:118:18)
#93     RenderObject.layout (package:flutter/src/rendering/object.dart:2923:7)
#94     RenderProxyBoxMixin.performLayout (package:flutter/src/rendering/proxy_box.dart:118:18)
#95     RenderObject.layout (package:flutter/src/rendering/object.dart:2923:7)
#96     RenderView.performLayout (package:flutter/src/rendering/view.dart:292:12)
#97     RenderObject._layoutWithoutResize (package:flutter/src/rendering/object.dart:2771:7)
#98     PipelineOwner.flushLayout (package:flutter/src/rendering/object.dart:1174:18)
#99     PipelineOwner.flushLayout (package:flutter/src/rendering/object.dart:1187:15)
#100    AutomatedTestWidgetsFlutterBinding.drawFrame (package:flutter_test/src/binding.dart:2434:27)
#101    RendererBinding._handlePersistentFrameCallback (package:flutter/src/rendering/binding.dart:558:5)
#102    SchedulerBinding._invokeFrameCallback (package:flutter/src/scheduler/binding.dart:1430:15)
#103    SchedulerBinding.handleDrawFrame (package:flutter/src/scheduler/binding.dart:1345:9)
#104    AutomatedTestWidgetsFlutterBinding.pump.<anonymous closure> (package:flutter_test/src/binding.dart:2261:9)
#107    TestAsyncUtils.guard (package:flutter_test/src/test_async_utils.dart:74:41)
#108    AutomatedTestWidgetsFlutterBinding.pump (package:flutter_test/src/binding.dart:2250:27)
#109    WidgetTester.pumpWidget.<anonymous closure> (package:flutter_test/src/widget_tester.dart:598:22)
#112    TestAsyncUtils.guard (package:flutter_test/src/test_async_utils.dart:74:41)
#113    WidgetTester.pumpWidget (package:flutter_test/src/widget_tester.dart:595:27)
#114    _pumpGolden (file:///C:/dev/ahdash11/mobile/test/visual/v10_phase_b_golden_test.dart:420:16)
#115    registerVisualTests.<anonymous closure> (file:///C:/dev/ahdash11/mobile/test/visual/v10_phase_b_golden_test.dart:184:13)
#116    testWidgets.<anonymous closure>.<anonymous closure> (package:flutter_test/src/widget_tester.dart:192:29)
<asynchronous suspension>
#117    TestWidgetsFlutterBinding._runTestBody (package:flutter_test/src/binding.dart:1953:5)
<asynchronous suspension>
<asynchronous suspension>
(elided 7 frames from class _AssertionError, dart:async, and package:stack_trace)

The following RenderObject was being processed when the exception was fired: RenderPointerListener#58f62 relayoutBoundary=up6 NEEDS-LAYOUT NEEDS-PAINT NEEDS-COMPOSITING-BITS-UPDATE:
  creator: Listener ← _GestureSemantics ←
    RawGestureDetector-[LabeledGlobalKey<RawGestureDetectorState>#3217f] ← Listener ← _ScrollableScope
    ← _ScrollSemantics-[GlobalKey#4b511] ← NotificationListener<ScrollMetricsNotification> ← Transform
    ← StretchEffect ← ClipRect ← AnimatedBuilder ← NotificationListener<ScrollNotification> ← ⋯
  parentData: <none> (can use size)
  constraints: BoxConstraints(0.0<=w<=360.0, h=602.0)
  size: MISSING
  behavior: opaque
  listeners: down, panZoomStart
This RenderObject had the following descendants (showing up to depth 5):
    child: RenderSemanticsAnnotations#86700 relayoutBoundary=up7 NEEDS-PAINT NEEDS-COMPOSITING-BITS-UPDATE
      child: RenderIgnorePointer#87435 relayoutBoundary=up8 NEEDS-PAINT NEEDS-COMPOSITING-BITS-UPDATE
        child: _RenderSingleChildViewport#c7776 relayoutBoundary=up9 NEEDS-PAINT NEEDS-COMPOSITING-BITS-UPDATE
          child: RenderPadding#6214e relayoutBoundary=up10 NEEDS-PAINT NEEDS-COMPOSITING-BITS-UPDATE
            child: RenderFlex#d68e6 relayoutBoundary=up11 NEEDS-PAINT NEEDS-COMPOSITING-BITS-UPDATE
════════════════════════════════════════════════════════════════════════════════════════════════════
══╡ EXCEPTION CAUGHT BY RENDERING LIBRARY ╞═════════════════════════════════════════════════════════
The following assertion was thrown during performLayout():
RenderBox was not laid out: RenderPointerListener#58f62 relayoutBoundary=up6 NEEDS-PAINT
NEEDS-COMPOSITING-BITS-UPDATE
'package:flutter/src/rendering/box.dart':
Failed assertion: line 2251 pos 12: 'hasSize'

Either the assertion indicates an error in the framework itself, or we should provide substantially
more information in this error message to help you determine and fix the underlying cause.
In either case, please report this assertion by filing a bug on GitHub:
  https://github.com/flutter/flutter/issues/new?template=02_bug.yml

The relevant error-causing widget was:
  SingleChildScrollView
  SingleChildScrollView:file:///C:/dev/ahdash11/mobile/lib/features/party/presentation/party_game_screens.dart:2448:18

When the exception was thrown, this was the stack:
#2      RenderBox.size (package:flutter/src/rendering/box.dart:2251:12)
#3      RenderProxyBoxMixin.performLayout (package:flutter/src/rendering/proxy_box.dart:118:62)
#4      RenderObject.layout (package:flutter/src/rendering/object.dart:2923:7)
#5      RenderProxyBoxMixin.performLayout (package:flutter/src/rendering/proxy_box.dart:118:18)
#6      RenderObject.layout (package:flutter/src/rendering/object.dart:2923:7)
#7      RenderProxyBoxMixin.performLayout (package:flutter/src/rendering/proxy_box.dart:118:18)
#8      RenderObject.layout (package:flutter/src/rendering/object.dart:2923:7)
#9      RenderProxyBoxMixin.performLayout (package:flutter/src/rendering/proxy_box.dart:118:18)
#10     RenderObject.layout (package:flutter/src/rendering/object.dart:2923:7)
#11     RenderProxyBoxMixin.performLayout (package:flutter/src/rendering/proxy_box.dart:118:18)
#12     _RenderCustomClip.performLayout (package:flutter/src/rendering/proxy_box.dart:1549:11)
#13     RenderObject.layout (package:flutter/src/rendering/object.dart:2923:7)
#14     ChildLayoutHelper.layoutChild (package:flutter/src/rendering/layout_helper.dart:62:11)
#15     RenderFlex._computeSizes (package:flutter/src/rendering/flex.dart:1275:26)
#16     RenderFlex.performLayout (package:flutter/src/rendering/flex.dart:1329:32)
#17     RenderObject.layout (package:flutter/src/rendering/object.dart:2923:7)
#18     RenderPadding.performLayout (package:flutter/src/rendering/shifted_box.dart:262:12)
#19     RenderObject.layout (package:flutter/src/rendering/object.dart:2923:7)
#20     RenderProxyBoxMixin.performLayout (package:flutter/src/rendering/proxy_box.dart:118:18)
#21     RenderObject.layout (package:flutter/src/rendering/object.dart:2923:7)
#22     ChildLayoutHelper.layoutChild (package:flutter/src/rendering/layout_helper.dart:62:11)
#23     RenderStack._computeSize (package:flutter/src/rendering/stack.dart:647:43)
#24     RenderStack.performLayout (package:flutter/src/rendering/stack.dart:682:12)
#25     RenderObject.layout (package:flutter/src/rendering/object.dart:2923:7)
#26     MultiChildLayoutDelegate.layoutChild (package:flutter/src/rendering/custom_layout.dart:180:12)
#27     _ScaffoldLayout.performLayout (package:flutter/src/material/scaffold.dart:1113:7)
#28     MultiChildLayoutDelegate._callPerformLayout (package:flutter/src/rendering/custom_layout.dart:246:7)
#29     RenderCustomMultiChildLayoutBox.performLayout (package:flutter/src/rendering/custom_layout.dart:417:14)
#30     RenderObject.layout (package:flutter/src/rendering/object.dart:2923:7)
#31     RenderProxyBoxMixin.performLayout (package:flutter/src/rendering/proxy_box.dart:118:18)
#32     RenderObject.layout (package:flutter/src/rendering/object.dart:2923:7)
#33     RenderProxyBoxMixin.performLayout (package:flutter/src/rendering/proxy_box.dart:118:18)
#34     _RenderCustomClip.performLayout (package:flutter/src/rendering/proxy_box.dart:1549:11)
#35     RenderObject.layout (package:flutter/src/rendering/object.dart:2923:7)
#36     RenderProxyBoxMixin.performLayout (package:flutter/src/rendering/proxy_box.dart:118:18)
#37     RenderObject.layout (package:flutter/src/rendering/object.dart:2923:7)
#38     RenderProxyBoxMixin.performLayout (package:flutter/src/rendering/proxy_box.dart:118:18)
#39     RenderObject.layout (package:flutter/src/rendering/object.dart:2923:7)
#40     RenderProxyBoxMixin.performLayout (package:flutter/src/rendering/proxy_box.dart:118:18)
#41     RenderObject.layout (package:flutter/src/rendering/object.dart:2923:7)
#42     RenderProxyBoxMixin.performLayout (package:flutter/src/rendering/proxy_box.dart:118:18)
#43     RenderObject.layout (package:flutter/src/rendering/object.dart:2923:7)
#44     RenderProxyBoxMixin.performLayout (package:flutter/src/rendering/proxy_box.dart:118:18)
#45     RenderObject.layout (package:flutter/src/rendering/object.dart:2923:7)
#46     RenderProxyBoxMixin.performLayout (package:flutter/src/rendering/proxy_box.dart:118:18)
#47     RenderObject.layout (package:flutter/src/rendering/object.dart:2923:7)
#48     RenderProxyBoxMixin.performLayout (package:flutter/src/rendering/proxy_box.dart:118:18)
#49     RenderObject.layout (package:flutter/src/rendering/object.dart:2923:7)
#50     RenderProxyBoxMixin.performLayout (package:flutter/src/rendering/proxy_box.dart:118:18)
#51     RenderObject.layout (package:flutter/src/rendering/object.dart:2923:7)
#52     RenderProxyBoxMixin.performLayout (package:flutter/src/rendering/proxy_box.dart:118:18)
#53     RenderObject.layout (package:flutter/src/rendering/object.dart:2923:7)
#54     RenderProxyBoxMixin.performLayout (package:flutter/src/rendering/proxy_box.dart:118:18)
#55     RenderObject.layout (package:flutter/src/rendering/object.dart:2923:7)
#56     RenderProxyBoxMixin.performLayout (package:flutter/src/rendering/proxy_box.dart:118:18)
#57     RenderObject.layout (package:flutter/src/rendering/object.dart:2923:7)
#58     RenderProxyBoxMixin.performLayout (package:flutter/src/rendering/proxy_box.dart:118:18)
#59     RenderObject.layout (package:flutter/src/rendering/object.dart:2923:7)
#60     RenderProxyBoxMixin.performLayout (package:flutter/src/rendering/proxy_box.dart:118:18)
#61     RenderObject.layout (package:flutter/src/rendering/object.dart:2923:7)
#62     RenderProxyBoxMixin.performLayout (package:flutter/src/rendering/proxy_box.dart:118:18)
#63     RenderObject.layout (package:flutter/src/rendering/object.dart:2923:7)
#64     RenderProxyBoxMixin.performLayout (package:flutter/src/rendering/proxy_box.dart:118:18)
#65     RenderObject.layout (package:flutter/src/rendering/object.dart:2923:7)
#66     RenderProxyBoxMixin.performLayout (package:flutter/src/rendering/proxy_box.dart:118:18)
#67     RenderObject.layout (package:flutter/src/rendering/object.dart:2923:7)
#68     RenderProxyBoxMixin.performLayout (package:flutter/src/rendering/proxy_box.dart:118:18)
#69     RenderOffstage.performLayout (package:flutter/src/rendering/proxy_box.dart:3923:13)
#70     RenderObject.layout (package:flutter/src/rendering/object.dart:2923:7)
#71     RenderProxyBoxMixin.performLayout (package:flutter/src/rendering/proxy_box.dart:118:18)
#72     RenderObject.layout (package:flutter/src/rendering/object.dart:2923:7)
#73     _RenderTheaterMixin.layoutChild (package:flutter/src/widgets/overlay.dart:1124:13)
#74     _RenderTheater.performLayout (package:flutter/src/widgets/overlay.dart:1482:9)
#75     RenderObject.layout (package:flutter/src/rendering/object.dart:2923:7)
#76     RenderProxyBoxMixin.performLayout (package:flutter/src/rendering/proxy_box.dart:118:18)
#77     RenderObject.layout (package:flutter/src/rendering/object.dart:2923:7)
#78     RenderProxyBoxMixin.performLayout (package:flutter/src/rendering/proxy_box.dart:118:18)
#79     RenderObject.layout (package:flutter/src/rendering/object.dart:2923:7)
#80     RenderProxyBoxMixin.performLayout (package:flutter/src/rendering/proxy_box.dart:118:18)
#81     RenderObject.layout (package:flutter/src/rendering/object.dart:2923:7)
#82     RenderProxyBoxMixin.performLayout (package:flutter/src/rendering/proxy_box.dart:118:18)
#83     RenderObject.layout (package:flutter/src/rendering/object.dart:2923:7)
#84     RenderProxyBoxMixin.performLayout (package:flutter/src/rendering/proxy_box.dart:118:18)
#85     RenderObject.layout (package:flutter/src/rendering/object.dart:2923:7)
#86     RenderProxyBoxMixin.performLayout (package:flutter/src/rendering/proxy_box.dart:118:18)
#87     RenderObject.layout (package:flutter/src/rendering/object.dart:2923:7)
#88     RenderProxyBoxMixin.performLayout (package:flutter/src/rendering/proxy_box.dart:118:18)
#89     RenderObject.layout (package:flutter/src/rendering/object.dart:2923:7)
#90     RenderProxyBoxMixin.performLayout (package:flutter/src/rendering/proxy_box.dart:118:18)
#91     RenderObject.layout (package:flutter/src/rendering/object.dart:2923:7)
#92     RenderProxyBoxMixin.performLayout (package:flutter/src/rendering/proxy_box.dart:118:18)
#93     RenderObject.layout (package:flutter/src/rendering/object.dart:2923:7)
#94     RenderView.performLayout (package:flutter/src/rendering/view.dart:292:12)
#95     RenderObject._layoutWithoutResize (package:flutter/src/rendering/object.dart:2771:7)
#96     PipelineOwner.flushLayout (package:flutter/src/rendering/object.dart:1174:18)
#97     PipelineOwner.flushLayout (package:flutter/src/rendering/object.dart:1187:15)
#98     AutomatedTestWidgetsFlutterBinding.drawFrame (package:flutter_test/src/binding.dart:2434:27)
#99     RendererBinding._handlePersistentFrameCallback (package:flutter/src/rendering/binding.dart:558:5)
#100    SchedulerBinding._invokeFrameCallback (package:flutter/src/scheduler/binding.dart:1430:15)
#101    SchedulerBinding.handleDrawFrame (package:flutter/src/scheduler/binding.dart:1345:9)
#102    AutomatedTestWidgetsFlutterBinding.pump.<anonymous closure> (package:flutter_test/src/binding.dart:2261:9)
#105    TestAsyncUtils.guard (package:flutter_test/src/test_async_utils.dart:74:41)
#106    AutomatedTestWidgetsFlutterBinding.pump (package:flutter_test/src/binding.dart:2250:27)
#107    WidgetTester.pumpWidget.<anonymous closure> (package:flutter_test/src/widget_tester.dart:598:22)
#110    TestAsyncUtils.guard (package:flutter_test/src/test_async_utils.dart:74:41)
#111    WidgetTester.pumpWidget (package:flutter_test/src/widget_tester.dart:595:27)
#112    _pumpGolden (file:///C:/dev/ahdash11/mobile/test/visual/v10_phase_b_golden_test.dart:420:16)
#113    registerVisualTests.<anonymous closure> (file:///C:/dev/ahdash11/mobile/test/visual/v10_phase_b_golden_test.dart:184:13)
#114    testWidgets.<anonymous closure>.<anonymous closure> (package:flutter_test/src/widget_tester.dart:192:29)
<asynchronous suspension>
#115    TestWidgetsFlutterBinding._runTestBody (package:flutter_test/src/binding.dart:1953:5)
<asynchronous suspension>
<asynchronous suspension>
(elided 7 frames from class _AssertionError, dart:async, and package:stack_trace)

The following RenderObject was being processed when the exception was fired: RenderSemanticsGestureHandler#0bc9e relayoutBoundary=up5 NEEDS-LAYOUT NEEDS-PAINT NEEDS-COMPOSITING-BITS-UPDATE:
  creator: _GestureSemantics ← RawGestureDetector-[LabeledGlobalKey<RawGestureDetectorState>#3217f] ←
    Listener ← _ScrollableScope ← _ScrollSemantics-[GlobalKey#4b511] ←
    NotificationListener<ScrollMetricsNotification> ← Transform ← StretchEffect ← ClipRect ←
    AnimatedBuilder ← NotificationListener<ScrollNotification> ← StretchingOverscrollIndicator ← ⋯
  parentData: <none> (can use size)
  constraints: BoxConstraints(0.0<=w<=360.0, h=602.0)
  size: MISSING
  behavior: opaque
  gestures: <none>
This RenderObject had the following descendants (showing up to depth 5):
    child: RenderPointerListener#58f62 relayoutBoundary=up6 NEEDS-PAINT NEEDS-COMPOSITING-BITS-UPDATE
      child: RenderSemanticsAnnotations#86700 relayoutBoundary=up7 NEEDS-PAINT NEEDS-COMPOSITING-BITS-UPDATE
        child: RenderIgnorePointer#87435 relayoutBoundary=up8 NEEDS-PAINT NEEDS-COMPOSITING-BITS-UPDATE
          child: _RenderSingleChildViewport#c7776 relayoutBoundary=up9 NEEDS-PAINT NEEDS-COMPOSITING-BITS-UPDATE
            child: RenderPadding#6214e relayoutBoundary=up10 NEEDS-PAINT NEEDS-COMPOSITING-BITS-UPDATE
════════════════════════════════════════════════════════════════════════════════════════════════════
══╡ EXCEPTION CAUGHT BY RENDERING LIBRARY ╞═════════════════════════════════════════════════════════
The following assertion was thrown during performLayout():
RenderBox was not laid out: RenderSemanticsGestureHandler#0bc9e relayoutBoundary=up5 NEEDS-PAINT
NEEDS-COMPOSITING-BITS-UPDATE
'package:flutter/src/rendering/box.dart':
Failed assertion: line 2251 pos 12: 'hasSize'

Either the assertion indicates an error in the framework itself, or we should provide substantially
more information in this error message to help you determine and fix the underlying cause.
In either case, please report this assertion by filing a bug on GitHub:
  https://github.com/flutter/flutter/issues/new?template=02_bug.yml

The relevant error-causing widget was:
  SingleChildScrollView
  SingleChildScrollView:file:///C:/dev/ahdash11/mobile/lib/features/party/presentation/party_game_screens.dart:2448:18

When the exception was thrown, this was the stack:
#2      RenderBox.size (package:flutter/src/rendering/box.dart:2251:12)
#3      RenderProxyBoxMixin.performLayout (package:flutter/src/rendering/proxy_box.dart:118:62)
#4      RenderObject.layout (package:flutter/src/rendering/object.dart:2923:7)
#5      RenderProxyBoxMixin.performLayout (package:flutter/src/rendering/proxy_box.dart:118:18)
#6      RenderObject.layout (package:flutter/src/rendering/object.dart:2923:7)
#7      RenderProxyBoxMixin.performLayout (package:flutter/src/rendering/proxy_box.dart:118:18)
#8      RenderObject.layout (package:flutter/src/rendering/object.dart:2923:7)
#9      RenderProxyBoxMixin.performLayout (package:flutter/src/rendering/proxy_box.dart:118:18)
#10     _RenderCustomClip.performLayout (package:flutter/src/rendering/proxy_box.dart:1549:11)
#11     RenderObject.layout (package:flutter/src/rendering/object.dart:2923:7)
#12     ChildLayoutHelper.layoutChild (package:flutter/src/rendering/layout_helper.dart:62:11)
#13     RenderFlex._computeSizes (package:flutter/src/rendering/flex.dart:1275:26)
#14     RenderFlex.performLayout (package:flutter/src/rendering/flex.dart:1329:32)
#15     RenderObject.layout (package:flutter/src/rendering/object.dart:2923:7)
#16     RenderPadding.performLayout (package:flutter/src/rendering/shifted_box.dart:262:12)
#17     RenderObject.layout (package:flutter/src/rendering/object.dart:2923:7)
#18     RenderProxyBoxMixin.performLayout (package:flutter/src/rendering/proxy_box.dart:118:18)
#19     RenderObject.layout (package:flutter/src/rendering/object.dart:2923:7)
#20     ChildLayoutHelper.layoutChild (package:flutter/src/rendering/layout_helper.dart:62:11)
#21     RenderStack._computeSize (package:flutter/src/rendering/stack.dart:647:43)
#22     RenderStack.performLayout (package:flutter/src/rendering/stack.dart:682:12)
#23     RenderObject.layout (package:flutter/src/rendering/object.dart:2923:7)
#24     MultiChildLayoutDelegate.layoutChild (package:flutter/src/rendering/custom_layout.dart:180:12)
#25     _ScaffoldLayout.performLayout (package:flutter/src/material/scaffold.dart:1113:7)
#26     MultiChildLayoutDelegate._callPerformLayout (package:flutter/src/rendering/custom_layout.dart:246:7)
#27     RenderCustomMultiChildLayoutBox.performLayout (package:flutter/src/rendering/custom_layout.dart:417:14)
#28     RenderObject.layout (package:flutter/src/rendering/object.dart:2923:7)
#29     RenderProxyBoxMixin.performLayout (package:flutter/src/rendering/proxy_box.dart:118:18)
#30     RenderObject.layout (package:flutter/src/rendering/object.dart:2923:7)
#31     RenderProxyBoxMixin.performLayout (package:flutter/src/rendering/proxy_box.dart:118:18)
#32     _RenderCustomClip.performLayout (package:flutter/src/rendering/proxy_box.dart:1549:11)
#33     RenderObject.layout (package:flutter/src/rendering/object.dart:2923:7)
#34     RenderProxyBoxMixin.performLayout (package:flutter/src/rendering/proxy_box.dart:118:18)
#35     RenderObject.layout (package:flutter/src/rendering/object.dart:2923:7)
#36     RenderProxyBoxMixin.performLayout (package:flutter/src/rendering/proxy_box.dart:118:18)
#37     RenderObject.layout (package:flutter/src/rendering/object.dart:2923:7)
#38     RenderProxyBoxMixin.performLayout (package:flutter/src/rendering/proxy_box.dart:118:18)
#39     RenderObject.layout (package:flutter/src/rendering/object.dart:2923:7)
#40     RenderProxyBoxMixin.performLayout (package:flutter/src/rendering/proxy_box.dart:118:18)
#41     RenderObject.layout (package:flutter/src/rendering/object.dart:2923:7)
#42     RenderProxyBoxMixin.performLayout (package:flutter/src/rendering/proxy_box.dart:118:18)
#43     RenderObject.layout (package:flutter/src/rendering/object.dart:2923:7)
#44     RenderProxyBoxMixin.performLayout (package:flutter/src/rendering/proxy_box.dart:118:18)
#45     RenderObject.layout (package:flutter/src/rendering/object.dart:2923:7)
#46     RenderProxyBoxMixin.performLayout (package:flutter/src/rendering/proxy_box.dart:118:18)
#47     RenderObject.layout (package:flutter/src/rendering/object.dart:2923:7)
#48     RenderProxyBoxMixin.performLayout (package:flutter/src/rendering/proxy_box.dart:118:18)
#49     RenderObject.layout (package:flutter/src/rendering/object.dart:2923:7)
#50     RenderProxyBoxMixin.performLayout (package:flutter/src/rendering/proxy_box.dart:118:18)
#51     RenderObject.layout (package:flutter/src/rendering/object.dart:2923:7)
#52     RenderProxyBoxMixin.performLayout (package:flutter/src/rendering/proxy_box.dart:118:18)
#53     RenderObject.layout (package:flutter/src/rendering/object.dart:2923:7)
#54     RenderProxyBoxMixin.performLayout (package:flutter/src/rendering/proxy_box.dart:118:18)
#55     RenderObject.layout (package:flutter/src/rendering/object.dart:2923:7)
#56     RenderProxyBoxMixin.performLayout (package:flutter/src/rendering/proxy_box.dart:118:18)
#57     RenderObject.layout (package:flutter/src/rendering/object.dart:2923:7)
#58     RenderProxyBoxMixin.performLayout (package:flutter/src/rendering/proxy_box.dart:118:18)
#59     RenderObject.layout (package:flutter/src/rendering/object.dart:2923:7)
#60     RenderProxyBoxMixin.performLayout (package:flutter/src/rendering/proxy_box.dart:118:18)
#61     RenderObject.layout (package:flutter/src/rendering/object.dart:2923:7)
#62     RenderProxyBoxMixin.performLayout (package:flutter/src/rendering/proxy_box.dart:118:18)
#63     RenderObject.layout (package:flutter/src/rendering/object.dart:2923:7)
#64     RenderProxyBoxMixin.performLayout (package:flutter/src/rendering/proxy_box.dart:118:18)
#65     RenderObject.layout (package:flutter/src/rendering/object.dart:2923:7)
#66     RenderProxyBoxMixin.performLayout (package:flutter/src/rendering/proxy_box.dart:118:18)
#67     RenderOffstage.performLayout (package:flutter/src/rendering/proxy_box.dart:3923:13)
#68     RenderObject.layout (package:flutter/src/rendering/object.dart:2923:7)
#69     RenderProxyBoxMixin.performLayout (package:flutter/src/rendering/proxy_box.dart:118:18)
#70     RenderObject.layout (package:flutter/src/rendering/object.dart:2923:7)
#71     _RenderTheaterMixin.layoutChild (package:flutter/src/widgets/overlay.dart:1124:13)
#72     _RenderTheater.performLayout (package:flutter/src/widgets/overlay.dart:1482:9)
#73     RenderObject.layout (package:flutter/src/rendering/object.dart:2923:7)
#74     RenderProxyBoxMixin.performLayout (package:flutter/src/rendering/proxy_box.dart:118:18)
#75     RenderObject.layout (package:flutter/src/rendering/object.dart:2923:7)
#76     RenderProxyBoxMixin.performLayout (package:flutter/src/rendering/proxy_box.dart:118:18)
#77     RenderObject.layout (package:flutter/src/rendering/object.dart:2923:7)
#78     RenderProxyBoxMixin.performLayout (package:flutter/src/rendering/proxy_box.dart:118:18)
#79     RenderObject.layout (package:flutter/src/rendering/object.dart:2923:7)
#80     RenderProxyBoxMixin.performLayout (package:flutter/src/rendering/proxy_box.dart:118:18)
#81     RenderObject.layout (package:flutter/src/rendering/object.dart:2923:7)
#82     RenderProxyBoxMixin.performLayout (package:flutter/src/rendering/proxy_box.dart:118:18)
#83     RenderObject.layout (package:flutter/src/rendering/object.dart:2923:7)
#84     RenderProxyBoxMixin.performLayout (package:flutter/src/rendering/proxy_box.dart:118:18)
#85     RenderObject.layout (package:flutter/src/rendering/object.dart:2923:7)
#86     RenderProxyBoxMixin.performLayout (package:flutter/src/rendering/proxy_box.dart:118:18)
#87     RenderObject.layout (package:flutter/src/rendering/object.dart:2923:7)
#88     RenderProxyBoxMixin.performLayout (package:flutter/src/rendering/proxy_box.dart:118:18)
#89     RenderObject.layout (package:flutter/src/rendering/object.dart:2923:7)
#90     RenderProxyBoxMixin.performLayout (package:flutter/src/rendering/proxy_box.dart:118:18)
#91     RenderObject.layout (package:flutter/src/rendering/object.dart:2923:7)
#92     RenderView.performLayout (package:flutter/src/rendering/view.dart:292:12)
#93     RenderObject._layoutWithoutResize (package:flutter/src/rendering/object.dart:2771:7)
#94     PipelineOwner.flushLayout (package:flutter/src/rendering/object.dart:1174:18)
#95     PipelineOwner.flushLayout (package:flutter/src/rendering/object.dart:1187:15)
#96     AutomatedTestWidgetsFlutterBinding.drawFrame (package:flutter_test/src/binding.dart:2434:27)
#97     RendererBinding._handlePersistentFrameCallback (package:flutter/src/rendering/binding.dart:558:5)
#98     SchedulerBinding._invokeFrameCallback (package:flutter/src/scheduler/binding.dart:1430:15)
#99     SchedulerBinding.handleDrawFrame (package:flutter/src/scheduler/binding.dart:1345:9)
#100    AutomatedTestWidgetsFlutterBinding.pump.<anonymous closure> (package:flutter_test/src/binding.dart:2261:9)
#103    TestAsyncUtils.guard (package:flutter_test/src/test_async_utils.dart:74:41)
#104    AutomatedTestWidgetsFlutterBinding.pump (package:flutter_test/src/binding.dart:2250:27)
#105    WidgetTester.pumpWidget.<anonymous closure> (package:flutter_test/src/widget_tester.dart:598:22)
#108    TestAsyncUtils.guard (package:flutter_test/src/test_async_utils.dart:74:41)
#109    WidgetTester.pumpWidget (package:flutter_test/src/widget_tester.dart:595:27)
#110    _pumpGolden (file:///C:/dev/ahdash11/mobile/test/visual/v10_phase_b_golden_test.dart:420:16)
#111    registerVisualTests.<anonymous closure> (file:///C:/dev/ahdash11/mobile/test/visual/v10_phase_b_golden_test.dart:184:13)
#112    testWidgets.<anonymous closure>.<anonymous closure> (package:flutter_test/src/widget_tester.dart:192:29)
<asynchronous suspension>
#113    TestWidgetsFlutterBinding._runTestBody (package:flutter_test/src/binding.dart:1953:5)
<asynchronous suspension>
<asynchronous suspension>
(elided 7 frames from class _AssertionError, dart:async, and package:stack_trace)

The following RenderObject was being processed when the exception was fired: RenderPointerListener#da71f relayoutBoundary=up4 NEEDS-LAYOUT NEEDS-PAINT NEEDS-COMPOSITING-BITS-UPDATE:
  creator: Listener ← _ScrollableScope ← _ScrollSemantics-[GlobalKey#4b511] ←
    NotificationListener<ScrollMetricsNotification> ← Transform ← StretchEffect ← ClipRect ←
    AnimatedBuilder ← NotificationListener<ScrollNotification> ← StretchingOverscrollIndicator ←
    Scrollable ← PrimaryScrollController ← ⋯
  parentData: <none> (can use size)
  constraints: BoxConstraints(0.0<=w<=360.0, h=602.0)
  size: MISSING
  behavior: deferToChild
  listeners: signal
This RenderObject had the following descendants (showing up to depth 5):
    child: RenderSemanticsGestureHandler#0bc9e relayoutBoundary=up5 NEEDS-PAINT NEEDS-COMPOSITING-BITS-UPDATE
      child: RenderPointerListener#58f62 relayoutBoundary=up6 NEEDS-PAINT NEEDS-COMPOSITING-BITS-UPDATE
        child: RenderSemanticsAnnotations#86700 relayoutBoundary=up7 NEEDS-PAINT NEEDS-COMPOSITING-BITS-UPDATE
          child: RenderIgnorePointer#87435 relayoutBoundary=up8 NEEDS-PAINT NEEDS-COMPOSITING-BITS-UPDATE
            child: _RenderSingleChildViewport#c7776 relayoutBoundary=up9 NEEDS-PAINT NEEDS-COMPOSITING-BITS-UPDATE
════════════════════════════════════════════════════════════════════════════════════════════════════
══╡ EXCEPTION CAUGHT BY RENDERING LIBRARY ╞═════════════════════════════════════════════════════════
The following assertion was thrown during performLayout():
RenderBox was not laid out: RenderPointerListener#da71f relayoutBoundary=up4 NEEDS-PAINT
NEEDS-COMPOSITING-BITS-UPDATE
'package:flutter/src/rendering/box.dart':
Failed assertion: line 2251 pos 12: 'hasSize'

Either the assertion indicates an error in the framework itself, or we should provide substantially
more information in this error message to help you determine and fix the underlying cause.
In either case, please report this assertion by filing a bug on GitHub:
  https://github.com/flutter/flutter/issues/new?template=02_bug.yml

The relevant error-causing widget was:
  SingleChildScrollView
  SingleChildScrollView:file:///C:/dev/ahdash11/mobile/lib/features/party/presentation/party_game_screens.dart:2448:18

When the exception was thrown, this was the stack:
#2      RenderBox.size (package:flutter/src/rendering/box.dart:2251:12)
#3      RenderProxyBoxMixin.performLayout (package:flutter/src/rendering/proxy_box.dart:118:62)
#4      RenderObject.layout (package:flutter/src/rendering/object.dart:2923:7)
#5      RenderProxyBoxMixin.performLayout (package:flutter/src/rendering/proxy_box.dart:118:18)
#6      RenderObject.layout (package:flutter/src/rendering/object.dart:2923:7)
#7      RenderProxyBoxMixin.performLayout (package:flutter/src/rendering/proxy_box.dart:118:18)
#8      _RenderCustomClip.performLayout (package:flutter/src/rendering/proxy_box.dart:1549:11)
#9      RenderObject.layout (package:flutter/src/rendering/object.dart:2923:7)
#10     ChildLayoutHelper.layoutChild (package:flutter/src/rendering/layout_helper.dart:62:11)
#11     RenderFlex._computeSizes (package:flutter/src/rendering/flex.dart:1275:26)
#12     RenderFlex.performLayout (package:flutter/src/rendering/flex.dart:1329:32)
#13     RenderObject.layout (package:flutter/src/rendering/object.dart:2923:7)
#14     RenderPadding.performLayout (package:flutter/src/rendering/shifted_box.dart:262:12)
#15     RenderObject.layout (package:flutter/src/rendering/object.dart:2923:7)
#16     RenderProxyBoxMixin.performLayout (package:flutter/src/rendering/proxy_box.dart:118:18)
#17     RenderObject.layout (package:flutter/src/rendering/object.dart:2923:7)
#18     ChildLayoutHelper.layoutChild (package:flutter/src/rendering/layout_helper.dart:62:11)
#19     RenderStack._computeSize (package:flutter/src/rendering/stack.dart:647:43)
#20     RenderStack.performLayout (package:flutter/src/rendering/stack.dart:682:12)
#21     RenderObject.layout (package:flutter/src/rendering/object.dart:2923:7)
#22     MultiChildLayoutDelegate.layoutChild (package:flutter/src/rendering/custom_layout.dart:180:12)
#23     _ScaffoldLayout.performLayout (package:flutter/src/material/scaffold.dart:1113:7)
#24     MultiChildLayoutDelegate._callPerformLayout (package:flutter/src/rendering/custom_layout.dart:246:7)
#25     RenderCustomMultiChildLayoutBox.performLayout (package:flutter/src/rendering/custom_layout.dart:417:14)
#26     RenderObject.layout (package:flutter/src/rendering/object.dart:2923:7)
#27     RenderProxyBoxMixin.performLayout (package:flutter/src/rendering/proxy_box.dart:118:18)
#28     RenderObject.layout (package:flutter/src/rendering/object.dart:2923:7)
#29     RenderProxyBoxMixin.performLayout (package:flutter/src/rendering/proxy_box.dart:118:18)
#30     _RenderCustomClip.performLayout (package:flutter/src/rendering/proxy_box.dart:1549:11)
#31     RenderObject.layout (package:flutter/src/rendering/object.dart:2923:7)
#32     RenderProxyBoxMixin.performLayout (package:flutter/src/rendering/proxy_box.dart:118:18)
#33     RenderObject.layout (package:flutter/src/rendering/object.dart:2923:7)
#34     RenderProxyBoxMixin.performLayout (package:flutter/src/rendering/proxy_box.dart:118:18)
#35     RenderObject.layout (package:flutter/src/rendering/object.dart:2923:7)
#36     RenderProxyBoxMixin.performLayout (package:flutter/src/rendering/proxy_box.dart:118:18)
#37     RenderObject.layout (package:flutter/src/rendering/object.dart:2923:7)
#38     RenderProxyBoxMixin.performLayout (package:flutter/src/rendering/proxy_box.dart:118:18)
#39     RenderObject.layout (package:flutter/src/rendering/object.dart:2923:7)
#40     RenderProxyBoxMixin.performLayout (package:flutter/src/rendering/proxy_box.dart:118:18)
#41     RenderObject.layout (package:flutter/src/rendering/object.dart:2923:7)
#42     RenderProxyBoxMixin.performLayout (package:flutter/src/rendering/proxy_box.dart:118:18)
#43     RenderObject.layout (package:flutter/src/rendering/object.dart:2923:7)
#44     RenderProxyBoxMixin.performLayout (package:flutter/src/rendering/proxy_box.dart:118:18)
#45     RenderObject.layout (package:flutter/src/rendering/object.dart:2923:7)
#46     RenderProxyBoxMixin.performLayout (package:flutter/src/rendering/proxy_box.dart:118:18)
#47     RenderObject.layout (package:flutter/src/rendering/object.dart:2923:7)
#48     RenderProxyBoxMixin.performLayout (package:flutter/src/rendering/proxy_box.dart:118:18)
#49     RenderObject.layout (package:flutter/src/rendering/object.dart:2923:7)
#50     RenderProxyBoxMixin.performLayout (package:flutter/src/rendering/proxy_box.dart:118:18)
#51     RenderObject.layout (package:flutter/src/rendering/object.dart:2923:7)
#52     RenderProxyBoxMixin.performLayout (package:flutter/src/rendering/proxy_box.dart:118:18)
#53     RenderObject.layout (package:flutter/src/rendering/object.dart:2923:7)
#54     RenderProxyBoxMixin.performLayout (package:flutter/src/rendering/proxy_box.dart:118:18)
#55     RenderObject.layout (package:flutter/src/rendering/object.dart:2923:7)
#56     RenderProxyBoxMixin.performLayout (package:flutter/src/rendering/proxy_box.dart:118:18)
#57     RenderObject.layout (package:flutter/src/rendering/object.dart:2923:7)
#58     RenderProxyBoxMixin.performLayout (package:flutter/src/rendering/proxy_box.dart:118:18)
#59     RenderObject.layout (package:flutter/src/rendering/object.dart:2923:7)
#60     RenderProxyBoxMixin.performLayout (package:flutter/src/rendering/proxy_box.dart:118:18)
#61     RenderObject.layout (package:flutter/src/rendering/object.dart:2923:7)
#62     RenderProxyBoxMixin.performLayout (package:flutter/src/rendering/proxy_box.dart:118:18)
#63     RenderObject.layout (package:flutter/src/rendering/object.dart:2923:7)
#64     RenderProxyBoxMixin.performLayout (package:flutter/src/rendering/proxy_box.dart:118:18)
#65     RenderOffstage.performLayout (package:flutter/src/rendering/proxy_box.dart:3923:13)
#66     RenderObject.layout (package:flutter/src/rendering/object.dart:2923:7)
#67     RenderProxyBoxMixin.performLayout (package:flutter/src/rendering/proxy_box.dart:118:18)
#68     RenderObject.layout (package:flutter/src/rendering/object.dart:2923:7)
#69     _RenderTheaterMixin.layoutChild (package:flutter/src/widgets/overlay.dart:1124:13)
#70     _RenderTheater.performLayout (package:flutter/src/widgets/overlay.dart:1482:9)
#71     RenderObject.layout (package:flutter/src/rendering/object.dart:2923:7)
#72     RenderProxyBoxMixin.performLayout (package:flutter/src/rendering/proxy_box.dart:118:18)
#73     RenderObject.layout (package:flutter/src/rendering/object.dart:2923:7)
#74     RenderProxyBoxMixin.performLayout (package:flutter/src/rendering/proxy_box.dart:118:18)
#75     RenderObject.layout (package:flutter/src/rendering/object.dart:2923:7)
#76     RenderProxyBoxMixin.performLayout (package:flutter/src/rendering/proxy_box.dart:118:18)
#77     RenderObject.layout (package:flutter/src/rendering/object.dart:2923:7)
#78     RenderProxyBoxMixin.performLayout (package:flutter/src/rendering/proxy_box.dart:118:18)
#79     RenderObject.layout (package:flutter/src/rendering/object.dart:2923:7)
#80     RenderProxyBoxMixin.performLayout (package:flutter/src/rendering/proxy_box.dart:118:18)
#81     RenderObject.layout (package:flutter/src/rendering/object.dart:2923:7)
#82     RenderProxyBoxMixin.performLayout (package:flutter/src/rendering/proxy_box.dart:118:18)
#83     RenderObject.layout (package:flutter/src/rendering/object.dart:2923:7)
#84     RenderProxyBoxMixin.performLayout (package:flutter/src/rendering/proxy_box.dart:118:18)
#85     RenderObject.layout (package:flutter/src/rendering/object.dart:2923:7)
#86     RenderProxyBoxMixin.performLayout (package:flutter/src/rendering/proxy_box.dart:118:18)
#87     RenderObject.layout (package:flutter/src/rendering/object.dart:2923:7)
#88     RenderProxyBoxMixin.performLayout (package:flutter/src/rendering/proxy_box.dart:118:18)
#89     RenderObject.layout (package:flutter/src/rendering/object.dart:2923:7)
#90     RenderView.performLayout (package:flutter/src/rendering/view.dart:292:12)
#91     RenderObject._layoutWithoutResize (package:flutter/src/rendering/object.dart:2771:7)
#92     PipelineOwner.flushLayout (package:flutter/src/rendering/object.dart:1174:18)
#93     PipelineOwner.flushLayout (package:flutter/src/rendering/object.dart:1187:15)
#94     AutomatedTestWidgetsFlutterBinding.drawFrame (package:flutter_test/src/binding.dart:2434:27)
#95     RendererBinding._handlePersistentFrameCallback (package:flutter/src/rendering/binding.dart:558:5)
#96     SchedulerBinding._invokeFrameCallback (package:flutter/src/scheduler/binding.dart:1430:15)
#97     SchedulerBinding.handleDrawFrame (package:flutter/src/scheduler/binding.dart:1345:9)
#98     AutomatedTestWidgetsFlutterBinding.pump.<anonymous closure> (package:flutter_test/src/binding.dart:2261:9)
#101    TestAsyncUtils.guard (package:flutter_test/src/test_async_utils.dart:74:41)
#102    AutomatedTestWidgetsFlutterBinding.pump (package:flutter_test/src/binding.dart:2250:27)
#103    WidgetTester.pumpWidget.<anonymous closure> (package:flutter_test/src/widget_tester.dart:598:22)
#106    TestAsyncUtils.guard (package:flutter_test/src/test_async_utils.dart:74:41)
#107    WidgetTester.pumpWidget (package:flutter_test/src/widget_tester.dart:595:27)
#108    _pumpGolden (file:///C:/dev/ahdash11/mobile/test/visual/v10_phase_b_golden_test.dart:420:16)
#109    registerVisualTests.<anonymous closure> (file:///C:/dev/ahdash11/mobile/test/visual/v10_phase_b_golden_test.dart:184:13)
#110    testWidgets.<anonymous closure>.<anonymous closure> (package:flutter_test/src/widget_tester.dart:192:29)
<asynchronous suspension>
#111    TestWidgetsFlutterBinding._runTestBody (package:flutter_test/src/binding.dart:1953:5)
<asynchronous suspension>
<asynchronous suspension>
(elided 7 frames from class _AssertionError, dart:async, and package:stack_trace)

The following RenderObject was being processed when the exception was fired: _RenderScrollSemantics#6d75d relayoutBoundary=up3 NEEDS-LAYOUT NEEDS-PAINT NEEDS-COMPOSITING-BITS-UPDATE:
  creator: _ScrollSemantics-[GlobalKey#4b511] ← NotificationListener<ScrollMetricsNotification> ←
    Transform ← StretchEffect ← ClipRect ← AnimatedBuilder ← NotificationListener<ScrollNotification>
    ← StretchingOverscrollIndicator ← Scrollable ← PrimaryScrollController ← SingleChildScrollView ←
    Expanded ← ⋯
  parentData: <none> (can use size)
  constraints: BoxConstraints(0.0<=w<=360.0, h=602.0)
  semantic boundary
  size: MISSING
This RenderObject had the following descendants (showing up to depth 5):
    child: RenderPointerListener#da71f relayoutBoundary=up4 NEEDS-PAINT NEEDS-COMPOSITING-BITS-UPDATE
      child: RenderSemanticsGestureHandler#0bc9e relayoutBoundary=up5 NEEDS-PAINT NEEDS-COMPOSITING-BITS-UPDATE
        child: RenderPointerListener#58f62 relayoutBoundary=up6 NEEDS-PAINT NEEDS-COMPOSITING-BITS-UPDATE
          child: RenderSemanticsAnnotations#86700 relayoutBoundary=up7 NEEDS-PAINT NEEDS-COMPOSITING-BITS-UPDATE
            child: RenderIgnorePointer#87435 relayoutBoundary=up8 NEEDS-PAINT NEEDS-COMPOSITING-BITS-UPDATE
════════════════════════════════════════════════════════════════════════════════════════════════════
══╡ EXCEPTION CAUGHT BY RENDERING LIBRARY ╞═════════════════════════════════════════════════════════
The following assertion was thrown during performLayout():
RenderBox was not laid out: _RenderScrollSemantics#6d75d relayoutBoundary=up3 NEEDS-PAINT
NEEDS-COMPOSITING-BITS-UPDATE
'package:flutter/src/rendering/box.dart':
Failed assertion: line 2251 pos 12: 'hasSize'

Either the assertion indicates an error in the framework itself, or we should provide substantially
more information in this error message to help you determine and fix the underlying cause.
In either case, please report this assertion by filing a bug on GitHub:
  https://github.com/flutter/flutter/issues/new?template=02_bug.yml

The relevant error-causing widget was:
  SingleChildScrollView
  SingleChildScrollView:file:///C:/dev/ahdash11/mobile/lib/features/party/presentation/party_game_screens.dart:2448:18

When the exception was thrown, this was the stack:
#2      RenderBox.size (package:flutter/src/rendering/box.dart:2251:12)
#3      RenderProxyBoxMixin.performLayout (package:flutter/src/rendering/proxy_box.dart:118:62)
#4      RenderObject.layout (package:flutter/src/rendering/object.dart:2923:7)
#5      RenderProxyBoxMixin.performLayout (package:flutter/src/rendering/proxy_box.dart:118:18)
#6      _RenderCustomClip.performLayout (package:flutter/src/rendering/proxy_box.dart:1549:11)
#7      RenderObject.layout (package:flutter/src/rendering/object.dart:2923:7)
#8      ChildLayoutHelper.layoutChild (package:flutter/src/rendering/layout_helper.dart:62:11)
#9      RenderFlex._computeSizes (package:flutter/src/rendering/flex.dart:1275:26)
#10     RenderFlex.performLayout (package:flutter/src/rendering/flex.dart:1329:32)
#11     RenderObject.layout (package:flutter/src/rendering/object.dart:2923:7)
#12     RenderPadding.performLayout (package:flutter/src/rendering/shifted_box.dart:262:12)
#13     RenderObject.layout (package:flutter/src/rendering/object.dart:2923:7)
#14     RenderProxyBoxMixin.performLayout (package:flutter/src/rendering/proxy_box.dart:118:18)
#15     RenderObject.layout (package:flutter/src/rendering/object.dart:2923:7)
#16     ChildLayoutHelper.layoutChild (package:flutter/src/rendering/layout_helper.dart:62:11)
#17     RenderStack._computeSize (package:flutter/src/rendering/stack.dart:647:43)
#18     RenderStack.performLayout (package:flutter/src/rendering/stack.dart:682:12)
#19     RenderObject.layout (package:flutter/src/rendering/object.dart:2923:7)
#20     MultiChildLayoutDelegate.layoutChild (package:flutter/src/rendering/custom_layout.dart:180:12)
#21     _ScaffoldLayout.performLayout (package:flutter/src/material/scaffold.dart:1113:7)
#22     MultiChildLayoutDelegate._callPerformLayout (package:flutter/src/rendering/custom_layout.dart:246:7)
#23     RenderCustomMultiChildLayoutBox.performLayout (package:flutter/src/rendering/custom_layout.dart:417:14)
#24     RenderObject.layout (package:flutter/src/rendering/object.dart:2923:7)
#25     RenderProxyBoxMixin.performLayout (package:flutter/src/rendering/proxy_box.dart:118:18)
#26     RenderObject.layout (package:flutter/src/rendering/object.dart:2923:7)
#27     RenderProxyBoxMixin.performLayout (package:flutter/src/rendering/proxy_box.dart:118:18)
#28     _RenderCustomClip.performLayout (package:flutter/src/rendering/proxy_box.dart:1549:11)
#29     RenderObject.layout (package:flutter/src/rendering/object.dart:2923:7)
#30     RenderProxyBoxMixin.performLayout (package:flutter/src/rendering/proxy_box.dart:118:18)
#31     RenderObject.layout (package:flutter/src/rendering/object.dart:2923:7)
#32     RenderProxyBoxMixin.performLayout (package:flutter/src/rendering/proxy_box.dart:118:18)
#33     RenderObject.layout (package:flutter/src/rendering/object.dart:2923:7)
#34     RenderProxyBoxMixin.performLayout (package:flutter/src/rendering/proxy_box.dart:118:18)
#35     RenderObject.layout (package:flutter/src/rendering/object.dart:2923:7)
#36     RenderProxyBoxMixin.performLayout (package:flutter/src/rendering/proxy_box.dart:118:18)
#37     RenderObject.layout (package:flutter/src/rendering/object.dart:2923:7)
#38     RenderProxyBoxMixin.performLayout (package:flutter/src/rendering/proxy_box.dart:118:18)
#39     RenderObject.layout (package:flutter/src/rendering/object.dart:2923:7)
#40     RenderProxyBoxMixin.performLayout (package:flutter/src/rendering/proxy_box.dart:118:18)
#41     RenderObject.layout (package:flutter/src/rendering/object.dart:2923:7)
#42     RenderProxyBoxMixin.performLayout (package:flutter/src/rendering/proxy_box.dart:118:18)
#43     RenderObject.layout (package:flutter/src/rendering/object.dart:2923:7)
#44     RenderProxyBoxMixin.performLayout (package:flutter/src/rendering/proxy_box.dart:118:18)
#45     RenderObject.layout (package:flutter/src/rendering/object.dart:2923:7)
#46     RenderProxyBoxMixin.performLayout (package:flutter/src/rendering/proxy_box.dart:118:18)
#47     RenderObject.layout (package:flutter/src/rendering/object.dart:2923:7)
#48     RenderProxyBoxMixin.performLayout (package:flutter/src/rendering/proxy_box.dart:118:18)
#49     RenderObject.layout (package:flutter/src/rendering/object.dart:2923:7)
#50     RenderProxyBoxMixin.performLayout (package:flutter/src/rendering/proxy_box.dart:118:18)
#51     RenderObject.layout (package:flutter/src/rendering/object.dart:2923:7)
#52     RenderProxyBoxMixin.performLayout (package:flutter/src/rendering/proxy_box.dart:118:18)
#53     RenderObject.layout (package:flutter/src/rendering/object.dart:2923:7)
#54     RenderProxyBoxMixin.performLayout (package:flutter/src/rendering/proxy_box.dart:118:18)
#55     RenderObject.layout (package:flutter/src/rendering/object.dart:2923:7)
#56     RenderProxyBoxMixin.performLayout (package:flutter/src/rendering/proxy_box.dart:118:18)
#57     RenderObject.layout (package:flutter/src/rendering/object.dart:2923:7)
#58     RenderProxyBoxMixin.performLayout (package:flutter/src/rendering/proxy_box.dart:118:18)
#59     RenderObject.layout (package:flutter/src/rendering/object.dart:2923:7)
#60     RenderProxyBoxMixin.performLayout (package:flutter/src/rendering/proxy_box.dart:118:18)
#61     RenderObject.layout (package:flutter/src/rendering/object.dart:2923:7)
#62     RenderProxyBoxMixin.performLayout (package:flutter/src/rendering/proxy_box.dart:118:18)
#63     RenderOffstage.performLayout (package:flutter/src/rendering/proxy_box.dart:3923:13)
#64     RenderObject.layout (package:flutter/src/rendering/object.dart:2923:7)
#65     RenderProxyBoxMixin.performLayout (package:flutter/src/rendering/proxy_box.dart:118:18)
#66     RenderObject.layout (package:flutter/src/rendering/object.dart:2923:7)
#67     _RenderTheaterMixin.layoutChild (package:flutter/src/widgets/overlay.dart:1124:13)
#68     _RenderTheater.performLayout (package:flutter/src/widgets/overlay.dart:1482:9)
#69     RenderObject.layout (package:flutter/src/rendering/object.dart:2923:7)
#70     RenderProxyBoxMixin.performLayout (package:flutter/src/rendering/proxy_box.dart:118:18)
#71     RenderObject.layout (package:flutter/src/rendering/object.dart:2923:7)
#72     RenderProxyBoxMixin.performLayout (package:flutter/src/rendering/proxy_box.dart:118:18)
#73     RenderObject.layout (package:flutter/src/rendering/object.dart:2923:7)
#74     RenderProxyBoxMixin.performLayout (package:flutter/src/rendering/proxy_box.dart:118:18)
#75     RenderObject.layout (package:flutter/src/rendering/object.dart:2923:7)
#76     RenderProxyBoxMixin.performLayout (package:flutter/src/rendering/proxy_box.dart:118:18)
#77     RenderObject.layout (package:flutter/src/rendering/object.dart:2923:7)
#78     RenderProxyBoxMixin.performLayout (package:flutter/src/rendering/proxy_box.dart:118:18)
#79     RenderObject.layout (package:flutter/src/rendering/object.dart:2923:7)
#80     RenderProxyBoxMixin.performLayout (package:flutter/src/rendering/proxy_box.dart:118:18)
#81     RenderObject.layout (package:flutter/src/rendering/object.dart:2923:7)
#82     RenderProxyBoxMixin.performLayout (package:flutter/src/rendering/proxy_box.dart:118:18)
#83     RenderObject.layout (package:flutter/src/rendering/object.dart:2923:7)
#84     RenderProxyBoxMixin.performLayout (package:flutter/src/rendering/proxy_box.dart:118:18)
#85     RenderObject.layout (package:flutter/src/rendering/object.dart:2923:7)
#86     RenderProxyBoxMixin.performLayout (package:flutter/src/rendering/proxy_box.dart:118:18)
#87     RenderObject.layout (package:flutter/src/rendering/object.dart:2923:7)
#88     RenderView.performLayout (package:flutter/src/rendering/view.dart:292:12)
#89     RenderObject._layoutWithoutResize (package:flutter/src/rendering/object.dart:2771:7)
#90     PipelineOwner.flushLayout (package:flutter/src/rendering/object.dart:1174:18)
#91     PipelineOwner.flushLayout (package:flutter/src/rendering/object.dart:1187:15)
#92     AutomatedTestWidgetsFlutterBinding.drawFrame (package:flutter_test/src/binding.dart:2434:27)
#93     RendererBinding._handlePersistentFrameCallback (package:flutter/src/rendering/binding.dart:558:5)
#94     SchedulerBinding._invokeFrameCallback (package:flutter/src/scheduler/binding.dart:1430:15)
#95     SchedulerBinding.handleDrawFrame (package:flutter/src/scheduler/binding.dart:1345:9)
#96     AutomatedTestWidgetsFlutterBinding.pump.<anonymous closure> (package:flutter_test/src/binding.dart:2261:9)
#99     TestAsyncUtils.guard (package:flutter_test/src/test_async_utils.dart:74:41)
#100    AutomatedTestWidgetsFlutterBinding.pump (package:flutter_test/src/binding.dart:2250:27)
#101    WidgetTester.pumpWidget.<anonymous closure> (package:flutter_test/src/widget_tester.dart:598:22)
#104    TestAsyncUtils.guard (package:flutter_test/src/test_async_utils.dart:74:41)
#105    WidgetTester.pumpWidget (package:flutter_test/src/widget_tester.dart:595:27)
#106    _pumpGolden (file:///C:/dev/ahdash11/mobile/test/visual/v10_phase_b_golden_test.dart:420:16)
#107    registerVisualTests.<anonymous closure> (file:///C:/dev/ahdash11/mobile/test/visual/v10_phase_b_golden_test.dart:184:13)
#108    testWidgets.<anonymous closure>.<anonymous closure> (package:flutter_test/src/widget_tester.dart:192:29)
<asynchronous suspension>
#109    TestWidgetsFlutterBinding._runTestBody (package:flutter_test/src/binding.dart:1953:5)
<asynchronous suspension>
<asynchronous suspension>
(elided 7 frames from class _AssertionError, dart:async, and package:stack_trace)

The following RenderObject was being processed when the exception was fired: RenderTransform#35cbc relayoutBoundary=up2 NEEDS-LAYOUT NEEDS-PAINT NEEDS-COMPOSITING-BITS-UPDATE:
  creator: Transform ← StretchEffect ← ClipRect ← AnimatedBuilder ←
    NotificationListener<ScrollNotification> ← StretchingOverscrollIndicator ← Scrollable ←
    PrimaryScrollController ← SingleChildScrollView ← Expanded ← Column ← _PortraitRevealLayout ← ⋯
  parentData: <none> (can use size)
  constraints: BoxConstraints(0.0<=w<=360.0, h=602.0)
  size: MISSING
  transform matrix:
    [0] 1.0,0.0,0.0,0.0
    [1] 0.0,1.0,0.0,0.0
    [2] 0.0,0.0,1.0,0.0
    [3] 0.0,0.0,0.0,1.0
  origin: null
  alignment: AlignmentDirectional.bottomCenter
  textDirection: rtl
  transformHitTests: true
This RenderObject had the following descendants (showing up to depth 5):
    child: _RenderScrollSemantics#6d75d relayoutBoundary=up3 NEEDS-PAINT NEEDS-COMPOSITING-BITS-UPDATE
      child: RenderPointerListener#da71f relayoutBoundary=up4 NEEDS-PAINT NEEDS-COMPOSITING-BITS-UPDATE
        child: RenderSemanticsGestureHandler#0bc9e relayoutBoundary=up5 NEEDS-PAINT NEEDS-COMPOSITING-BITS-UPDATE
          child: RenderPointerListener#58f62 relayoutBoundary=up6 NEEDS-PAINT NEEDS-COMPOSITING-BITS-UPDATE
            child: RenderSemanticsAnnotations#86700 relayoutBoundary=up7 NEEDS-PAINT NEEDS-COMPOSITING-BITS-UPDATE
════════════════════════════════════════════════════════════════════════════════════════════════════
══╡ EXCEPTION CAUGHT BY RENDERING LIBRARY ╞═════════════════════════════════════════════════════════
The following assertion was thrown during performLayout():
RenderBox was not laid out: RenderTransform#35cbc relayoutBoundary=up2 NEEDS-PAINT
NEEDS-COMPOSITING-BITS-UPDATE
'package:flutter/src/rendering/box.dart':
Failed assertion: line 2251 pos 12: 'hasSize'

Either the assertion indicates an error in the framework itself, or we should provide substantially
more information in this error message to help you determine and fix the underlying cause.
In either case, please report this assertion by filing a bug on GitHub:
  https://github.com/flutter/flutter/issues/new?template=02_bug.yml

The relevant error-causing widget was:
  SingleChildScrollView
  SingleChildScrollView:file:///C:/dev/ahdash11/mobile/lib/features/party/presentation/party_game_screens.dart:2448:18

When the exception was thrown, this was the stack:
#2      RenderBox.size (package:flutter/src/rendering/box.dart:2251:12)
#3      RenderProxyBoxMixin.performLayout (package:flutter/src/rendering/proxy_box.dart:118:62)
#4      _RenderCustomClip.performLayout (package:flutter/src/rendering/proxy_box.dart:1549:11)
#5      RenderObject.layout (package:flutter/src/rendering/object.dart:2923:7)
#6      ChildLayoutHelper.layoutChild (package:flutter/src/rendering/layout_helper.dart:62:11)
#7      RenderFlex._computeSizes (package:flutter/src/rendering/flex.dart:1275:26)
#8      RenderFlex.performLayout (package:flutter/src/rendering/flex.dart:1329:32)
#9      RenderObject.layout (package:flutter/src/rendering/object.dart:2923:7)
#10     RenderPadding.performLayout (package:flutter/src/rendering/shifted_box.dart:262:12)
#11     RenderObject.layout (package:flutter/src/rendering/object.dart:2923:7)
#12     RenderProxyBoxMixin.performLayout (package:flutter/src/rendering/proxy_box.dart:118:18)
#13     RenderObject.layout (package:flutter/src/rendering/object.dart:2923:7)
#14     ChildLayoutHelper.layoutChild (package:flutter/src/rendering/layout_helper.dart:62:11)
#15     RenderStack._computeSize (package:flutter/src/rendering/stack.dart:647:43)
#16     RenderStack.performLayout (package:flutter/src/rendering/stack.dart:682:12)
#17     RenderObject.layout (package:flutter/src/rendering/object.dart:2923:7)
#18     MultiChildLayoutDelegate.layoutChild (package:flutter/src/rendering/custom_layout.dart:180:12)
#19     _ScaffoldLayout.performLayout (package:flutter/src/material/scaffold.dart:1113:7)
#20     MultiChildLayoutDelegate._callPerformLayout (package:flutter/src/rendering/custom_layout.dart:246:7)
#21     RenderCustomMultiChildLayoutBox.performLayout (package:flutter/src/rendering/custom_layout.dart:417:14)
#22     RenderObject.layout (package:flutter/src/rendering/object.dart:2923:7)
#23     RenderProxyBoxMixin.performLayout (package:flutter/src/rendering/proxy_box.dart:118:18)
#24     RenderObject.layout (package:flutter/src/rendering/object.dart:2923:7)
#25     RenderProxyBoxMixin.performLayout (package:flutter/src/rendering/proxy_box.dart:118:18)
#26     _RenderCustomClip.performLayout (package:flutter/src/rendering/proxy_box.dart:1549:11)
#27     RenderObject.layout (package:flutter/src/rendering/object.dart:2923:7)
#28     RenderProxyBoxMixin.performLayout (package:flutter/src/rendering/proxy_box.dart:118:18)
#29     RenderObject.layout (package:flutter/src/rendering/object.dart:2923:7)
#30     RenderProxyBoxMixin.performLayout (package:flutter/src/rendering/proxy_box.dart:118:18)
#31     RenderObject.layout (package:flutter/src/rendering/object.dart:2923:7)
#32     RenderProxyBoxMixin.performLayout (package:flutter/src/rendering/proxy_box.dart:118:18)
#33     RenderObject.layout (package:flutter/src/rendering/object.dart:2923:7)
#34     RenderProxyBoxMixin.performLayout (package:flutter/src/rendering/proxy_box.dart:118:18)
#35     RenderObject.layout (package:flutter/src/rendering/object.dart:2923:7)
#36     RenderProxyBoxMixin.performLayout (package:flutter/src/rendering/proxy_box.dart:118:18)
#37     RenderObject.layout (package:flutter/src/rendering/object.dart:2923:7)
#38     RenderProxyBoxMixin.performLayout (package:flutter/src/rendering/proxy_box.dart:118:18)
#39     RenderObject.layout (package:flutter/src/rendering/object.dart:2923:7)
#40     RenderProxyBoxMixin.performLayout (package:flutter/src/rendering/proxy_box.dart:118:18)
#41     RenderObject.layout (package:flutter/src/rendering/object.dart:2923:7)
#42     RenderProxyBoxMixin.performLayout (package:flutter/src/rendering/proxy_box.dart:118:18)
#43     RenderObject.layout (package:flutter/src/rendering/object.dart:2923:7)
#44     RenderProxyBoxMixin.performLayout (package:flutter/src/rendering/proxy_box.dart:118:18)
#45     RenderObject.layout (package:flutter/src/rendering/object.dart:2923:7)
#46     RenderProxyBoxMixin.performLayout (package:flutter/src/rendering/proxy_box.dart:118:18)
#47     RenderObject.layout (package:flutter/src/rendering/object.dart:2923:7)
#48     RenderProxyBoxMixin.performLayout (package:flutter/src/rendering/proxy_box.dart:118:18)
#49     RenderObject.layout (package:flutter/src/rendering/object.dart:2923:7)
#50     RenderProxyBoxMixin.performLayout (package:flutter/src/rendering/proxy_box.dart:118:18)
#51     RenderObject.layout (package:flutter/src/rendering/object.dart:2923:7)
#52     RenderProxyBoxMixin.performLayout (package:flutter/src/rendering/proxy_box.dart:118:18)
#53     RenderObject.layout (package:flutter/src/rendering/object.dart:2923:7)
#54     RenderProxyBoxMixin.performLayout (package:flutter/src/rendering/proxy_box.dart:118:18)
#55     RenderObject.layout (package:flutter/src/rendering/object.dart:2923:7)
#56     RenderProxyBoxMixin.performLayout (package:flutter/src/rendering/proxy_box.dart:118:18)
#57     RenderObject.layout (package:flutter/src/rendering/object.dart:2923:7)
#58     RenderProxyBoxMixin.performLayout (package:flutter/src/rendering/proxy_box.dart:118:18)
#59     RenderObject.layout (package:flutter/src/rendering/object.dart:2923:7)
#60     RenderProxyBoxMixin.performLayout (package:flutter/src/rendering/proxy_box.dart:118:18)
#61     RenderOffstage.performLayout (package:flutter/src/rendering/proxy_box.dart:3923:13)
#62     RenderObject.layout (package:flutter/src/rendering/object.dart:2923:7)
#63     RenderProxyBoxMixin.performLayout (package:flutter/src/rendering/proxy_box.dart:118:18)
#64     RenderObject.layout (package:flutter/src/rendering/object.dart:2923:7)
#65     _RenderTheaterMixin.layoutChild (package:flutter/src/widgets/overlay.dart:1124:13)
#66     _RenderTheater.performLayout (package:flutter/src/widgets/overlay.dart:1482:9)
#67     RenderObject.layout (package:flutter/src/rendering/object.dart:2923:7)
#68     RenderProxyBoxMixin.performLayout (package:flutter/src/rendering/proxy_box.dart:118:18)
#69     RenderObject.layout (package:flutter/src/rendering/object.dart:2923:7)
#70     RenderProxyBoxMixin.performLayout (package:flutter/src/rendering/proxy_box.dart:118:18)
#71     RenderObject.layout (package:flutter/src/rendering/object.dart:2923:7)
#72     RenderProxyBoxMixin.performLayout (package:flutter/src/rendering/proxy_box.dart:118:18)
#73     RenderObject.layout (package:flutter/src/rendering/object.dart:2923:7)
#74     RenderProxyBoxMixin.performLayout (package:flutter/src/rendering/proxy_box.dart:118:18)
#75     RenderObject.layout (package:flutter/src/rendering/object.dart:2923:7)
#76     RenderProxyBoxMixin.performLayout (package:flutter/src/rendering/proxy_box.dart:118:18)
#77     RenderObject.layout (package:flutter/src/rendering/object.dart:2923:7)
#78     RenderProxyBoxMixin.performLayout (package:flutter/src/rendering/proxy_box.dart:118:18)
#79     RenderObject.layout (package:flutter/src/rendering/object.dart:2923:7)
#80     RenderProxyBoxMixin.performLayout (package:flutter/src/rendering/proxy_box.dart:118:18)
#81     RenderObject.layout (package:flutter/src/rendering/object.dart:2923:7)
#82     RenderProxyBoxMixin.performLayout (package:flutter/src/rendering/proxy_box.dart:118:18)
#83     RenderObject.layout (package:flutter/src/rendering/object.dart:2923:7)
#84     RenderProxyBoxMixin.performLayout (package:flutter/src/rendering/proxy_box.dart:118:18)
#85     RenderObject.layout (package:flutter/src/rendering/object.dart:2923:7)
#86     RenderView.performLayout (package:flutter/src/rendering/view.dart:292:12)
#87     RenderObject._layoutWithoutResize (package:flutter/src/rendering/object.dart:2771:7)
#88     PipelineOwner.flushLayout (package:flutter/src/rendering/object.dart:1174:18)
#89     PipelineOwner.flushLayout (package:flutter/src/rendering/object.dart:1187:15)
#90     AutomatedTestWidgetsFlutterBinding.drawFrame (package:flutter_test/src/binding.dart:2434:27)
#91     RendererBinding._handlePersistentFrameCallback (package:flutter/src/rendering/binding.dart:558:5)
#92     SchedulerBinding._invokeFrameCallback (package:flutter/src/scheduler/binding.dart:1430:15)
#93     SchedulerBinding.handleDrawFrame (package:flutter/src/scheduler/binding.dart:1345:9)
#94     AutomatedTestWidgetsFlutterBinding.pump.<anonymous closure> (package:flutter_test/src/binding.dart:2261:9)
#97     TestAsyncUtils.guard (package:flutter_test/src/test_async_utils.dart:74:41)
#98     AutomatedTestWidgetsFlutterBinding.pump (package:flutter_test/src/binding.dart:2250:27)
#99     WidgetTester.pumpWidget.<anonymous closure> (package:flutter_test/src/widget_tester.dart:598:22)
#102    TestAsyncUtils.guard (package:flutter_test/src/test_async_utils.dart:74:41)
#103    WidgetTester.pumpWidget (package:flutter_test/src/widget_tester.dart:595:27)
#104    _pumpGolden (file:///C:/dev/ahdash11/mobile/test/visual/v10_phase_b_golden_test.dart:420:16)
#105    registerVisualTests.<anonymous closure> (file:///C:/dev/ahdash11/mobile/test/visual/v10_phase_b_golden_test.dart:184:13)
#106    testWidgets.<anonymous closure>.<anonymous closure> (package:flutter_test/src/widget_tester.dart:192:29)
<asynchronous suspension>
#107    TestWidgetsFlutterBinding._runTestBody (package:flutter_test/src/binding.dart:1953:5)
<asynchronous suspension>
<asynchronous suspension>
(elided 7 frames from class _AssertionError, dart:async, and package:stack_trace)

The following RenderObject was being processed when the exception was fired: RenderClipRect#b6261 relayoutBoundary=up1 NEEDS-LAYOUT NEEDS-PAINT NEEDS-COMPOSITING-BITS-UPDATE:
  creator: ClipRect ← AnimatedBuilder ← NotificationListener<ScrollNotification> ←
    StretchingOverscrollIndicator ← Scrollable ← PrimaryScrollController ← SingleChildScrollView ←
    Expanded ← Column ← _PortraitRevealLayout ← MediaQuery ← Padding ← ⋯
  parentData: offset=Offset(0.0, 0.0); flex=1; fit=FlexFit.tight (can use size)
  constraints: BoxConstraints(0.0<=w<=360.0, h=602.0)
  size: MISSING
This RenderObject had the following descendants (showing up to depth 5):
    child: RenderTransform#35cbc relayoutBoundary=up2 NEEDS-PAINT NEEDS-COMPOSITING-BITS-UPDATE
      child: _RenderScrollSemantics#6d75d relayoutBoundary=up3 NEEDS-PAINT NEEDS-COMPOSITING-BITS-UPDATE
        child: RenderPointerListener#da71f relayoutBoundary=up4 NEEDS-PAINT NEEDS-COMPOSITING-BITS-UPDATE
          child: RenderSemanticsGestureHandler#0bc9e relayoutBoundary=up5 NEEDS-PAINT NEEDS-COMPOSITING-BITS-UPDATE
            child: RenderPointerListener#58f62 relayoutBoundary=up6 NEEDS-PAINT NEEDS-COMPOSITING-BITS-UPDATE
════════════════════════════════════════════════════════════════════════════════════════════════════
══╡ EXCEPTION CAUGHT BY RENDERING LIBRARY ╞═════════════════════════════════════════════════════════
The following assertion was thrown during performLayout():
RenderBox was not laid out: RenderClipRect#b6261 relayoutBoundary=up1 NEEDS-PAINT
NEEDS-COMPOSITING-BITS-UPDATE
'package:flutter/src/rendering/box.dart':
Failed assertion: line 2251 pos 12: 'hasSize'

Either the assertion indicates an error in the framework itself, or we should provide substantially
more information in this error message to help you determine and fix the underlying cause.
In either case, please report this assertion by filing a bug on GitHub:
  https://github.com/flutter/flutter/issues/new?template=02_bug.yml

The relevant error-causing widget was:
  Column
  Column:file:///C:/dev/ahdash11/mobile/lib/features/party/presentation/party_game_screens.dart:2444:12

When the exception was thrown, this was the stack:
#2      RenderBox.size (package:flutter/src/rendering/box.dart:2251:12)
#3      ChildLayoutHelper.layoutChild (package:flutter/src/rendering/layout_helper.dart:63:18)
#4      RenderFlex._computeSizes (package:flutter/src/rendering/flex.dart:1275:26)
#5      RenderFlex.performLayout (package:flutter/src/rendering/flex.dart:1329:32)
#6      RenderObject.layout (package:flutter/src/rendering/object.dart:2923:7)
#7      RenderPadding.performLayout (package:flutter/src/rendering/shifted_box.dart:262:12)
#8      RenderObject.layout (package:flutter/src/rendering/object.dart:2923:7)
#9      RenderProxyBoxMixin.performLayout (package:flutter/src/rendering/proxy_box.dart:118:18)
#10     RenderObject.layout (package:flutter/src/rendering/object.dart:2923:7)
#11     ChildLayoutHelper.layoutChild (package:flutter/src/rendering/layout_helper.dart:62:11)
#12     RenderStack._computeSize (package:flutter/src/rendering/stack.dart:647:43)
#13     RenderStack.performLayout (package:flutter/src/rendering/stack.dart:682:12)
#14     RenderObject.layout (package:flutter/src/rendering/object.dart:2923:7)
#15     MultiChildLayoutDelegate.layoutChild (package:flutter/src/rendering/custom_layout.dart:180:12)
#16     _ScaffoldLayout.performLayout (package:flutter/src/material/scaffold.dart:1113:7)
#17     MultiChildLayoutDelegate._callPerformLayout (package:flutter/src/rendering/custom_layout.dart:246:7)
#18     RenderCustomMultiChildLayoutBox.performLayout (package:flutter/src/rendering/custom_layout.dart:417:14)
#19     RenderObject.layout (package:flutter/src/rendering/object.dart:2923:7)
#20     RenderProxyBoxMixin.performLayout (package:flutter/src/rendering/proxy_box.dart:118:18)
#21     RenderObject.layout (package:flutter/src/rendering/object.dart:2923:7)
#22     RenderProxyBoxMixin.performLayout (package:flutter/src/rendering/proxy_box.dart:118:18)
#23     _RenderCustomClip.performLayout (package:flutter/src/rendering/proxy_box.dart:1549:11)
#24     RenderObject.layout (package:flutter/src/rendering/object.dart:2923:7)
#25     RenderProxyBoxMixin.performLayout (package:flutter/src/rendering/proxy_box.dart:118:18)
#26     RenderObject.layout (package:flutter/src/rendering/object.dart:2923:7)
#27     RenderProxyBoxMixin.performLayout (package:flutter/src/rendering/proxy_box.dart:118:18)
#28     RenderObject.layout (package:flutter/src/rendering/object.dart:2923:7)
#29     RenderProxyBoxMixin.performLayout (package:flutter/src/rendering/proxy_box.dart:118:18)
#30     RenderObject.layout (package:flutter/src/rendering/object.dart:2923:7)
#31     RenderProxyBoxMixin.performLayout (package:flutter/src/rendering/proxy_box.dart:118:18)
#32     RenderObject.layout (package:flutter/src/rendering/object.dart:2923:7)
#33     RenderProxyBoxMixin.performLayout (package:flutter/src/rendering/proxy_box.dart:118:18)
#34     RenderObject.layout (package:flutter/src/rendering/object.dart:2923:7)
#35     RenderProxyBoxMixin.performLayout (package:flutter/src/rendering/proxy_box.dart:118:18)
#36     RenderObject.layout (package:flutter/src/rendering/object.dart:2923:7)
#37     RenderProxyBoxMixin.performLayout (package:flutter/src/rendering/proxy_box.dart:118:18)
#38     RenderObject.layout (package:flutter/src/rendering/object.dart:2923:7)
#39     RenderProxyBoxMixin.performLayout (package:flutter/src/rendering/proxy_box.dart:118:18)
#40     RenderObject.layout (package:flutter/src/rendering/object.dart:2923:7)
#41     RenderProxyBoxMixin.performLayout (package:flutter/src/rendering/proxy_box.dart:118:18)
#42     RenderObject.layout (package:flutter/src/rendering/object.dart:2923:7)
#43     RenderProxyBoxMixin.performLayout (package:flutter/src/rendering/proxy_box.dart:118:18)
#44     RenderObject.layout (package:flutter/src/rendering/object.dart:2923:7)
#45     RenderProxyBoxMixin.performLayout (package:flutter/src/rendering/proxy_box.dart:118:18)
#46     RenderObject.layout (package:flutter/src/rendering/object.dart:2923:7)
#47     RenderProxyBoxMixin.performLayout (package:flutter/src/rendering/proxy_box.dart:118:18)
#48     RenderObject.layout (package:flutter/src/rendering/object.dart:2923:7)
#49     RenderProxyBoxMixin.performLayout (package:flutter/src/rendering/proxy_box.dart:118:18)
#50     RenderObject.layout (package:flutter/src/rendering/object.dart:2923:7)
#51     RenderProxyBoxMixin.performLayout (package:flutter/src/rendering/proxy_box.dart:118:18)
#52     RenderObject.layout (package:flutter/src/rendering/object.dart:2923:7)
#53     RenderProxyBoxMixin.performLayout (package:flutter/src/rendering/proxy_box.dart:118:18)
#54     RenderObject.layout (package:flutter/src/rendering/object.dart:2923:7)
#55     RenderProxyBoxMixin.performLayout (package:flutter/src/rendering/proxy_box.dart:118:18)
#56     RenderObject.layout (package:flutter/src/rendering/object.dart:2923:7)
#57     RenderProxyBoxMixin.performLayout (package:flutter/src/rendering/proxy_box.dart:118:18)
#58     RenderOffstage.performLayout (package:flutter/src/rendering/proxy_box.dart:3923:13)
#59     RenderObject.layout (package:flutter/src/rendering/object.dart:2923:7)
#60     RenderProxyBoxMixin.performLayout (package:flutter/src/rendering/proxy_box.dart:118:18)
#61     RenderObject.layout (package:flutter/src/rendering/object.dart:2923:7)
#62     _RenderTheaterMixin.layoutChild (package:flutter/src/widgets/overlay.dart:1124:13)
#63     _RenderTheater.performLayout (package:flutter/src/widgets/overlay.dart:1482:9)
#64     RenderObject.layout (package:flutter/src/rendering/object.dart:2923:7)
#65     RenderProxyBoxMixin.performLayout (package:flutter/src/rendering/proxy_box.dart:118:18)
#66     RenderObject.layout (package:flutter/src/rendering/object.dart:2923:7)
#67     RenderProxyBoxMixin.performLayout (package:flutter/src/rendering/proxy_box.dart:118:18)
#68     RenderObject.layout (package:flutter/src/rendering/object.dart:2923:7)
#69     RenderProxyBoxMixin.performLayout (package:flutter/src/rendering/proxy_box.dart:118:18)
#70     RenderObject.layout (package:flutter/src/rendering/object.dart:2923:7)
#71     RenderProxyBoxMixin.performLayout (package:flutter/src/rendering/proxy_box.dart:118:18)
#72     RenderObject.layout (package:flutter/src/rendering/object.dart:2923:7)
#73     RenderProxyBoxMixin.performLayout (package:flutter/src/rendering/proxy_box.dart:118:18)
#74     RenderObject.layout (package:flutter/src/rendering/object.dart:2923:7)
#75     RenderProxyBoxMixin.performLayout (package:flutter/src/rendering/proxy_box.dart:118:18)
#76     RenderObject.layout (package:flutter/src/rendering/object.dart:2923:7)
#77     RenderProxyBoxMixin.performLayout (package:flutter/src/rendering/proxy_box.dart:118:18)
#78     RenderObject.layout (package:flutter/src/rendering/object.dart:2923:7)
#79     RenderProxyBoxMixin.performLayout (package:flutter/src/rendering/proxy_box.dart:118:18)
#80     RenderObject.layout (package:flutter/src/rendering/object.dart:2923:7)
#81     RenderProxyBoxMixin.performLayout (package:flutter/src/rendering/proxy_box.dart:118:18)
#82     RenderObject.layout (package:flutter/src/rendering/object.dart:2923:7)
#83     RenderView.performLayout (package:flutter/src/rendering/view.dart:292:12)
#84     RenderObject._layoutWithoutResize (package:flutter/src/rendering/object.dart:2771:7)
#85     PipelineOwner.flushLayout (package:flutter/src/rendering/object.dart:1174:18)
#86     PipelineOwner.flushLayout (package:flutter/src/rendering/object.dart:1187:15)
#87     AutomatedTestWidgetsFlutterBinding.drawFrame (package:flutter_test/src/binding.dart:2434:27)
#88     RendererBinding._handlePersistentFrameCallback (package:flutter/src/rendering/binding.dart:558:5)
#89     SchedulerBinding._invokeFrameCallback (package:flutter/src/scheduler/binding.dart:1430:15)
#90     SchedulerBinding.handleDrawFrame (package:flutter/src/scheduler/binding.dart:1345:9)
#91     AutomatedTestWidgetsFlutterBinding.pump.<anonymous closure> (package:flutter_test/src/binding.dart:2261:9)
#94     TestAsyncUtils.guard (package:flutter_test/src/test_async_utils.dart:74:41)
#95     AutomatedTestWidgetsFlutterBinding.pump (package:flutter_test/src/binding.dart:2250:27)
#96     WidgetTester.pumpWidget.<anonymous closure> (package:flutter_test/src/widget_tester.dart:598:22)
#99     TestAsyncUtils.guard (package:flutter_test/src/test_async_utils.dart:74:41)
#100    WidgetTester.pumpWidget (package:flutter_test/src/widget_tester.dart:595:27)
#101    _pumpGolden (file:///C:/dev/ahdash11/mobile/test/visual/v10_phase_b_golden_test.dart:420:16)
#102    registerVisualTests.<anonymous closure> (file:///C:/dev/ahdash11/mobile/test/visual/v10_phase_b_golden_test.dart:184:13)
#103    testWidgets.<anonymous closure>.<anonymous closure> (package:flutter_test/src/widget_tester.dart:192:29)
<asynchronous suspension>
#104    TestWidgetsFlutterBinding._runTestBody (package:flutter_test/src/binding.dart:1953:5)
<asynchronous suspension>
<asynchronous suspension>
(elided 7 frames from class _AssertionError, dart:async, and package:stack_trace)

The following RenderObject was being processed when the exception was fired: RenderFlex#a1840 NEEDS-LAYOUT NEEDS-PAINT NEEDS-COMPOSITING-BITS-UPDATE:
  creator: Column ← _PortraitRevealLayout ← MediaQuery ← Padding ← SafeArea ← ColoredBox ←
    PartyV2Canvas ← Stack ← KeyedSubtree-[GlobalKey#6316c] ← _BodyBuilder ← MediaQuery ←
    LayoutId-[<_ScaffoldSlot.body>] ← ⋯
  parentData: offset=Offset(0.0, 0.0) (can use size)
  constraints: BoxConstraints(w=360.0, h=719.0)
  size: MISSING
  direction: vertical
  mainAxisAlignment: start
  mainAxisSize: max
  crossAxisAlignment: center
  verticalDirection: down
  spacing: 0.0
This RenderObject had the following descendants (showing up to depth 5):
    child 1: RenderConstrainedBox#406da relayoutBoundary=up1 NEEDS-PAINT NEEDS-COMPOSITING-BITS-UPDATE
      child: RenderDecoratedBox#1173c relayoutBoundary=up2 NEEDS-PAINT NEEDS-COMPOSITING-BITS-UPDATE
        child: RenderPadding#ad422 relayoutBoundary=up3 NEEDS-PAINT NEEDS-COMPOSITING-BITS-UPDATE
          child: RenderFlex#e4b79 relayoutBoundary=up4 NEEDS-PAINT NEEDS-COMPOSITING-BITS-UPDATE
            child 1: RenderFlex#154f7 relayoutBoundary=up5 NEEDS-PAINT NEEDS-COMPOSITING-BITS-UPDATE
            child 2: RenderParagraph#df117 relayoutBoundary=up5 NEEDS-PAINT
            child 3: RenderFlex#51c7e relayoutBoundary=up5 NEEDS-PAINT NEEDS-COMPOSITING-BITS-UPDATE
    child 2: RenderClipRect#b6261 relayoutBoundary=up1 NEEDS-PAINT NEEDS-COMPOSITING-BITS-UPDATE
      child: RenderTransform#35cbc relayoutBoundary=up2 NEEDS-PAINT NEEDS-COMPOSITING-BITS-UPDATE
        child: _RenderScrollSemantics#6d75d relayoutBoundary=up3 NEEDS-PAINT NEEDS-COMPOSITING-BITS-UPDATE
          child: RenderPointerListener#da71f relayoutBoundary=up4 NEEDS-PAINT NEEDS-COMPOSITING-BITS-UPDATE
            child: RenderSemanticsGestureHandler#0bc9e relayoutBoundary=up5 NEEDS-PAINT NEEDS-COMPOSITING-BITS-UPDATE
    child 3: RenderPadding#17d56 relayoutBoundary=up1 NEEDS-PAINT NEEDS-COMPOSITING-BITS-UPDATE
      child: RenderConstrainedBox#d5a57 relayoutBoundary=up2 NEEDS-PAINT NEEDS-COMPOSITING-BITS-UPDATE
        child: RenderSemanticsAnnotations#0c7a0 NEEDS-PAINT NEEDS-COMPOSITING-BITS-UPDATE
          child: _RenderInputPadding#71bba NEEDS-PAINT NEEDS-COMPOSITING-BITS-UPDATE
            child: RenderConstrainedBox#2e78f NEEDS-PAINT NEEDS-COMPOSITING-BITS-UPDATE
════════════════════════════════════════════════════════════════════════════════════════════════════
══╡ EXCEPTION CAUGHT BY RENDERING LIBRARY ╞═════════════════════════════════════════════════════════
The following assertion was thrown during performLayout():
RenderBox was not laid out: RenderFlex#a1840 NEEDS-PAINT NEEDS-COMPOSITING-BITS-UPDATE
'package:flutter/src/rendering/box.dart':
Failed assertion: line 2251 pos 12: 'hasSize'

Either the assertion indicates an error in the framework itself, or we should provide substantially
more information in this error message to help you determine and fix the underlying cause.
In either case, please report this assertion by filing a bug on GitHub:
  https://github.com/flutter/flutter/issues/new?template=02_bug.yml

The relevant error-causing widget was:
  SafeArea
  SafeArea:file:///C:/dev/ahdash11/mobile/lib/features/party/presentation/party_game_screens.dart:2316:20

When the exception was thrown, this was the stack:
#2      RenderBox.size (package:flutter/src/rendering/box.dart:2251:12)
#3      RenderPadding.performLayout (package:flutter/src/rendering/shifted_box.dart:266:40)
#4      RenderObject.layout (package:flutter/src/rendering/object.dart:2923:7)
#5      RenderProxyBoxMixin.performLayout (package:flutter/src/rendering/proxy_box.dart:118:18)
#6      RenderObject.layout (package:flutter/src/rendering/object.dart:2923:7)
#7      ChildLayoutHelper.layoutChild (package:flutter/src/rendering/layout_helper.dart:62:11)
#8      RenderStack._computeSize (package:flutter/src/rendering/stack.dart:647:43)
#9      RenderStack.performLayout (package:flutter/src/rendering/stack.dart:682:12)
#10     RenderObject.layout (package:flutter/src/rendering/object.dart:2923:7)
#11     MultiChildLayoutDelegate.layoutChild (package:flutter/src/rendering/custom_layout.dart:180:12)
#12     _ScaffoldLayout.performLayout (package:flutter/src/material/scaffold.dart:1113:7)
#13     MultiChildLayoutDelegate._callPerformLayout (package:flutter/src/rendering/custom_layout.dart:246:7)
#14     RenderCustomMultiChildLayoutBox.performLayout (package:flutter/src/rendering/custom_layout.dart:417:14)
#15     RenderObject.layout (package:flutter/src/rendering/object.dart:2923:7)
#16     RenderProxyBoxMixin.performLayout (package:flutter/src/rendering/proxy_box.dart:118:18)
#17     RenderObject.layout (package:flutter/src/rendering/object.dart:2923:7)
#18     RenderProxyBoxMixin.performLayout (package:flutter/src/rendering/proxy_box.dart:118:18)
#19     _RenderCustomClip.performLayout (package:flutter/src/rendering/proxy_box.dart:1549:11)
#20     RenderObject.layout (package:flutter/src/rendering/object.dart:2923:7)
#21     RenderProxyBoxMixin.performLayout (package:flutter/src/rendering/proxy_box.dart:118:18)
#22     RenderObject.layout (package:flutter/src/rendering/object.dart:2923:7)
#23     RenderProxyBoxMixin.performLayout (package:flutter/src/rendering/proxy_box.dart:118:18)
#24     RenderObject.layout (package:flutter/src/rendering/object.dart:2923:7)
#25     RenderProxyBoxMixin.performLayout (package:flutter/src/rendering/proxy_box.dart:118:18)
#26     RenderObject.layout (package:flutter/src/rendering/object.dart:2923:7)
#27     RenderProxyBoxMixin.performLayout (package:flutter/src/rendering/proxy_box.dart:118:18)
#28     RenderObject.layout (package:flutter/src/rendering/object.dart:2923:7)
#29     RenderProxyBoxMixin.performLayout (package:flutter/src/rendering/proxy_box.dart:118:18)
#30     RenderObject.layout (package:flutter/src/rendering/object.dart:2923:7)
#31     RenderProxyBoxMixin.performLayout (package:flutter/src/rendering/proxy_box.dart:118:18)
#32     RenderObject.layout (package:flutter/src/rendering/object.dart:2923:7)
#33     RenderProxyBoxMixin.performLayout (package:flutter/src/rendering/proxy_box.dart:118:18)
#34     RenderObject.layout (package:flutter/src/rendering/object.dart:2923:7)
#35     RenderProxyBoxMixin.performLayout (package:flutter/src/rendering/proxy_box.dart:118:18)
#36     RenderObject.layout (package:flutter/src/rendering/object.dart:2923:7)
#37     RenderProxyBoxMixin.performLayout (package:flutter/src/rendering/proxy_box.dart:118:18)
#38     RenderObject.layout (package:flutter/src/rendering/object.dart:2923:7)
#39     RenderProxyBoxMixin.performLayout (package:flutter/src/rendering/proxy_box.dart:118:18)
#40     RenderObject.layout (package:flutter/src/rendering/object.dart:2923:7)
#41     RenderProxyBoxMixin.performLayout (package:flutter/src/rendering/proxy_box.dart:118:18)
#42     RenderObject.layout (package:flutter/src/rendering/object.dart:2923:7)
#43     RenderProxyBoxMixin.performLayout (package:flutter/src/rendering/proxy_box.dart:118:18)
#44     RenderObject.layout (package:flutter/src/rendering/object.dart:2923:7)
#45     RenderProxyBoxMixin.performLayout (package:flutter/src/rendering/proxy_box.dart:118:18)
#46     RenderObject.layout (package:flutter/src/rendering/object.dart:2923:7)
#47     RenderProxyBoxMixin.performLayout (package:flutter/src/rendering/proxy_box.dart:118:18)
#48     RenderObject.layout (package:flutter/src/rendering/object.dart:2923:7)
#49     RenderProxyBoxMixin.performLayout (package:flutter/src/rendering/proxy_box.dart:118:18)
#50     RenderObject.layout (package:flutter/src/rendering/object.dart:2923:7)
#51     RenderProxyBoxMixin.performLayout (package:flutter/src/rendering/proxy_box.dart:118:18)
#52     RenderObject.layout (package:flutter/src/rendering/object.dart:2923:7)
#53     RenderProxyBoxMixin.performLayout (package:flutter/src/rendering/proxy_box.dart:118:18)
#54     RenderOffstage.performLayout (package:flutter/src/rendering/proxy_box.dart:3923:13)
#55     RenderObject.layout (package:flutter/src/rendering/object.dart:2923:7)
#56     RenderProxyBoxMixin.performLayout (package:flutter/src/rendering/proxy_box.dart:118:18)
#57     RenderObject.layout (package:flutter/src/rendering/object.dart:2923:7)
#58     _RenderTheaterMixin.layoutChild (package:flutter/src/widgets/overlay.dart:1124:13)
#59     _RenderTheater.performLayout (package:flutter/src/widgets/overlay.dart:1482:9)
#60     RenderObject.layout (package:flutter/src/rendering/object.dart:2923:7)
#61     RenderProxyBoxMixin.performLayout (package:flutter/src/rendering/proxy_box.dart:118:18)
#62     RenderObject.layout (package:flutter/src/rendering/object.dart:2923:7)
#63     RenderProxyBoxMixin.performLayout (package:flutter/src/rendering/proxy_box.dart:118:18)
#64     RenderObject.layout (package:flutter/src/rendering/object.dart:2923:7)
#65     RenderProxyBoxMixin.performLayout (package:flutter/src/rendering/proxy_box.dart:118:18)
#66     RenderObject.layout (package:flutter/src/rendering/object.dart:2923:7)
#67     RenderProxyBoxMixin.performLayout (package:flutter/src/rendering/proxy_box.dart:118:18)
#68     RenderObject.layout (package:flutter/src/rendering/object.dart:2923:7)
#69     RenderProxyBoxMixin.performLayout (package:flutter/src/rendering/proxy_box.dart:118:18)
#70     RenderObject.layout (package:flutter/src/rendering/object.dart:2923:7)
#71     RenderProxyBoxMixin.performLayout (package:flutter/src/rendering/proxy_box.dart:118:18)
#72     RenderObject.layout (package:flutter/src/rendering/object.dart:2923:7)
#73     RenderProxyBoxMixin.performLayout (package:flutter/src/rendering/proxy_box.dart:118:18)
#74     RenderObject.layout (package:flutter/src/rendering/object.dart:2923:7)
#75     RenderProxyBoxMixin.performLayout (package:flutter/src/rendering/proxy_box.dart:118:18)
#76     RenderObject.layout (package:flutter/src/rendering/object.dart:2923:7)
#77     RenderProxyBoxMixin.performLayout (package:flutter/src/rendering/proxy_box.dart:118:18)
#78     RenderObject.layout (package:flutter/src/rendering/object.dart:2923:7)
#79     RenderView.performLayout (package:flutter/src/rendering/view.dart:292:12)
#80     RenderObject._layoutWithoutResize (package:flutter/src/rendering/object.dart:2771:7)
#81     PipelineOwner.flushLayout (package:flutter/src/rendering/object.dart:1174:18)
#82     PipelineOwner.flushLayout (package:flutter/src/rendering/object.dart:1187:15)
#83     AutomatedTestWidgetsFlutterBinding.drawFrame (package:flutter_test/src/binding.dart:2434:27)
#84     RendererBinding._handlePersistentFrameCallback (package:flutter/src/rendering/binding.dart:558:5)
#85     SchedulerBinding._invokeFrameCallback (package:flutter/src/scheduler/binding.dart:1430:15)
#86     SchedulerBinding.handleDrawFrame (package:flutter/src/scheduler/binding.dart:1345:9)
#87     AutomatedTestWidgetsFlutterBinding.pump.<anonymous closure> (package:flutter_test/src/binding.dart:2261:9)
#90     TestAsyncUtils.guard (package:flutter_test/src/test_async_utils.dart:74:41)
#91     AutomatedTestWidgetsFlutterBinding.pump (package:flutter_test/src/binding.dart:2250:27)
#92     WidgetTester.pumpWidget.<anonymous closure> (package:flutter_test/src/widget_tester.dart:598:22)
#95     TestAsyncUtils.guard (package:flutter_test/src/test_async_utils.dart:74:41)
#96     WidgetTester.pumpWidget (package:flutter_test/src/widget_tester.dart:595:27)
#97     _pumpGolden (file:///C:/dev/ahdash11/mobile/test/visual/v10_phase_b_golden_test.dart:420:16)
#98     registerVisualTests.<anonymous closure> (file:///C:/dev/ahdash11/mobile/test/visual/v10_phase_b_golden_test.dart:184:13)
#99     testWidgets.<anonymous closure>.<anonymous closure> (package:flutter_test/src/widget_tester.dart:192:29)
<asynchronous suspension>
#100    TestWidgetsFlutterBinding._runTestBody (package:flutter_test/src/binding.dart:1953:5)
<asynchronous suspension>
<asynchronous suspension>
(elided 7 frames from class _AssertionError, dart:async, and package:stack_trace)

The following RenderObject was being processed when the exception was fired: RenderPadding#56123 NEEDS-LAYOUT NEEDS-PAINT NEEDS-COMPOSITING-BITS-UPDATE:
  creator: Padding ← SafeArea ← ColoredBox ← PartyV2Canvas ← Stack ← KeyedSubtree-[GlobalKey#6316c] ←
    _BodyBuilder ← MediaQuery ← LayoutId-[<_ScaffoldSlot.body>] ← CustomMultiChildLayout ←
    _ActionsScope ← Actions ← ⋯
  parentData: <none> (can use size)
  constraints: BoxConstraints(w=360.0, h=800.0)
  size: MISSING
  padding: EdgeInsets(0.0, 47.0, 0.0, 34.0)
  textDirection: rtl
This RenderObject had the following descendants (showing up to depth 5):
    child: RenderFlex#a1840 NEEDS-PAINT NEEDS-COMPOSITING-BITS-UPDATE
      child 1: RenderConstrainedBox#406da relayoutBoundary=up1 NEEDS-PAINT NEEDS-COMPOSITING-BITS-UPDATE
        child: RenderDecoratedBox#1173c relayoutBoundary=up2 NEEDS-PAINT NEEDS-COMPOSITING-BITS-UPDATE
          child: RenderPadding#ad422 relayoutBoundary=up3 NEEDS-PAINT NEEDS-COMPOSITING-BITS-UPDATE
            child: RenderFlex#e4b79 relayoutBoundary=up4 NEEDS-PAINT NEEDS-COMPOSITING-BITS-UPDATE
      child 2: RenderClipRect#b6261 relayoutBoundary=up1 NEEDS-PAINT NEEDS-COMPOSITING-BITS-UPDATE
        child: RenderTransform#35cbc relayoutBoundary=up2 NEEDS-PAINT NEEDS-COMPOSITING-BITS-UPDATE
          child: _RenderScrollSemantics#6d75d relayoutBoundary=up3 NEEDS-PAINT NEEDS-COMPOSITING-BITS-UPDATE
            child: RenderPointerListener#da71f relayoutBoundary=up4 NEEDS-PAINT NEEDS-COMPOSITING-BITS-UPDATE
      child 3: RenderPadding#17d56 relayoutBoundary=up1 NEEDS-PAINT NEEDS-COMPOSITING-BITS-UPDATE
        child: RenderConstrainedBox#d5a57 relayoutBoundary=up2 NEEDS-PAINT NEEDS-COMPOSITING-BITS-UPDATE
          child: RenderSemanticsAnnotations#0c7a0 NEEDS-PAINT NEEDS-COMPOSITING-BITS-UPDATE
            child: _RenderInputPadding#71bba NEEDS-PAINT NEEDS-COMPOSITING-BITS-UPDATE
════════════════════════════════════════════════════════════════════════════════════════════════════
══╡ EXCEPTION CAUGHT BY RENDERING LIBRARY ╞═════════════════════════════════════════════════════════
The following assertion was thrown during performLayout():
RenderBox was not laid out: RenderPadding#56123 NEEDS-PAINT NEEDS-COMPOSITING-BITS-UPDATE
'package:flutter/src/rendering/box.dart':
Failed assertion: line 2251 pos 12: 'hasSize'

Either the assertion indicates an error in the framework itself, or we should provide substantially
more information in this error message to help you determine and fix the underlying cause.
In either case, please report this assertion by filing a bug on GitHub:
  https://github.com/flutter/flutter/issues/new?template=02_bug.yml

The relevant error-causing widget was:
  ColoredBox
  ColoredBox:file:///C:/dev/ahdash11/mobile/lib/features/party/presentation/party_v2_ui.dart:26:7

When the exception was thrown, this was the stack:
#2      RenderBox.size (package:flutter/src/rendering/box.dart:2251:12)
#3      RenderProxyBoxMixin.performLayout (package:flutter/src/rendering/proxy_box.dart:118:62)
#4      RenderObject.layout (package:flutter/src/rendering/object.dart:2923:7)
#5      ChildLayoutHelper.layoutChild (package:flutter/src/rendering/layout_helper.dart:62:11)
#6      RenderStack._computeSize (package:flutter/src/rendering/stack.dart:647:43)
#7      RenderStack.performLayout (package:flutter/src/rendering/stack.dart:682:12)
#8      RenderObject.layout (package:flutter/src/rendering/object.dart:2923:7)
#9      MultiChildLayoutDelegate.layoutChild (package:flutter/src/rendering/custom_layout.dart:180:12)
#10     _ScaffoldLayout.performLayout (package:flutter/src/material/scaffold.dart:1113:7)
#11     MultiChildLayoutDelegate._callPerformLayout (package:flutter/src/rendering/custom_layout.dart:246:7)
#12     RenderCustomMultiChildLayoutBox.performLayout (package:flutter/src/rendering/custom_layout.dart:417:14)
#13     RenderObject.layout (package:flutter/src/rendering/object.dart:2923:7)
#14     RenderProxyBoxMixin.performLayout (package:flutter/src/rendering/proxy_box.dart:118:18)
#15     RenderObject.layout (package:flutter/src/rendering/object.dart:2923:7)
#16     RenderProxyBoxMixin.performLayout (package:flutter/src/rendering/proxy_box.dart:118:18)
#17     _RenderCustomClip.performLayout (package:flutter/src/rendering/proxy_box.dart:1549:11)
#18     RenderObject.layout (package:flutter/src/rendering/object.dart:2923:7)
#19     RenderProxyBoxMixin.performLayout (package:flutter/src/rendering/proxy_box.dart:118:18)
#20     RenderObject.layout (package:flutter/src/rendering/object.dart:2923:7)
#21     RenderProxyBoxMixin.performLayout (package:flutter/src/rendering/proxy_box.dart:118:18)
#22     RenderObject.layout (package:flutter/src/rendering/object.dart:2923:7)
#23     RenderProxyBoxMixin.performLayout (package:flutter/src/rendering/proxy_box.dart:118:18)
#24     RenderObject.layout (package:flutter/src/rendering/object.dart:2923:7)
#25     RenderProxyBoxMixin.performLayout (package:flutter/src/rendering/proxy_box.dart:118:18)
#26     RenderObject.layout (package:flutter/src/rendering/object.dart:2923:7)
#27     RenderProxyBoxMixin.performLayout (package:flutter/src/rendering/proxy_box.dart:118:18)
#28     RenderObject.layout (package:flutter/src/rendering/object.dart:2923:7)
#29     RenderProxyBoxMixin.performLayout (package:flutter/src/rendering/proxy_box.dart:118:18)
#30     RenderObject.layout (package:flutter/src/rendering/object.dart:2923:7)
#31     RenderProxyBoxMixin.performLayout (package:flutter/src/rendering/proxy_box.dart:118:18)
#32     RenderObject.layout (package:flutter/src/rendering/object.dart:2923:7)
#33     RenderProxyBoxMixin.performLayout (package:flutter/src/rendering/proxy_box.dart:118:18)
#34     RenderObject.layout (package:flutter/src/rendering/object.dart:2923:7)
#35     RenderProxyBoxMixin.performLayout (package:flutter/src/rendering/proxy_box.dart:118:18)
#36     RenderObject.layout (package:flutter/src/rendering/object.dart:2923:7)
#37     RenderProxyBoxMixin.performLayout (package:flutter/src/rendering/proxy_box.dart:118:18)
#38     RenderObject.layout (package:flutter/src/rendering/object.dart:2923:7)
#39     RenderProxyBoxMixin.performLayout (package:flutter/src/rendering/proxy_box.dart:118:18)
#40     RenderObject.layout (package:flutter/src/rendering/object.dart:2923:7)
#41     RenderProxyBoxMixin.performLayout (package:flutter/src/rendering/proxy_box.dart:118:18)
#42     RenderObject.layout (package:flutter/src/rendering/object.dart:2923:7)
#43     RenderProxyBoxMixin.performLayout (package:flutter/src/rendering/proxy_box.dart:118:18)
#44     RenderObject.layout (package:flutter/src/rendering/object.dart:2923:7)
#45     RenderProxyBoxMixin.performLayout (package:flutter/src/rendering/proxy_box.dart:118:18)
#46     RenderObject.layout (package:flutter/src/rendering/object.dart:2923:7)
#47     RenderProxyBoxMixin.performLayout (package:flutter/src/rendering/proxy_box.dart:118:18)
#48     RenderObject.layout (package:flutter/src/rendering/object.dart:2923:7)
#49     RenderProxyBoxMixin.performLayout (package:flutter/src/rendering/proxy_box.dart:118:18)
#50     RenderObject.layout (package:flutter/src/rendering/object.dart:2923:7)
#51     RenderProxyBoxMixin.performLayout (package:flutter/src/rendering/proxy_box.dart:118:18)
#52     RenderOffstage.performLayout (package:flutter/src/rendering/proxy_box.dart:3923:13)
#53     RenderObject.layout (package:flutter/src/rendering/object.dart:2923:7)
#54     RenderProxyBoxMixin.performLayout (package:flutter/src/rendering/proxy_box.dart:118:18)
#55     RenderObject.layout (package:flutter/src/rendering/object.dart:2923:7)
#56     _RenderTheaterMixin.layoutChild (package:flutter/src/widgets/overlay.dart:1124:13)
#57     _RenderTheater.performLayout (package:flutter/src/widgets/overlay.dart:1482:9)
#58     RenderObject.layout (package:flutter/src/rendering/object.dart:2923:7)
#59     RenderProxyBoxMixin.performLayout (package:flutter/src/rendering/proxy_box.dart:118:18)
#60     RenderObject.layout (package:flutter/src/rendering/object.dart:2923:7)
#61     RenderProxyBoxMixin.performLayout (package:flutter/src/rendering/proxy_box.dart:118:18)
#62     RenderObject.layout (package:flutter/src/rendering/object.dart:2923:7)
#63     RenderProxyBoxMixin.performLayout (package:flutter/src/rendering/proxy_box.dart:118:18)
#64     RenderObject.layout (package:flutter/src/rendering/object.dart:2923:7)
#65     RenderProxyBoxMixin.performLayout (package:flutter/src/rendering/proxy_box.dart:118:18)
#66     RenderObject.layout (package:flutter/src/rendering/object.dart:2923:7)
#67     RenderProxyBoxMixin.performLayout (package:flutter/src/rendering/proxy_box.dart:118:18)
#68     RenderObject.layout (package:flutter/src/rendering/object.dart:2923:7)
#69     RenderProxyBoxMixin.performLayout (package:flutter/src/rendering/proxy_box.dart:118:18)
#70     RenderObject.layout (package:flutter/src/rendering/object.dart:2923:7)
#71     RenderProxyBoxMixin.performLayout (package:flutter/src/rendering/proxy_box.dart:118:18)
#72     RenderObject.layout (package:flutter/src/rendering/object.dart:2923:7)
#73     RenderProxyBoxMixin.performLayout (package:flutter/src/rendering/proxy_box.dart:118:18)
#74     RenderObject.layout (package:flutter/src/rendering/object.dart:2923:7)
#75     RenderProxyBoxMixin.performLayout (package:flutter/src/rendering/proxy_box.dart:118:18)
#76     RenderObject.layout (package:flutter/src/rendering/object.dart:2923:7)
#77     RenderView.performLayout (package:flutter/src/rendering/view.dart:292:12)
#78     RenderObject._layoutWithoutResize (package:flutter/src/rendering/object.dart:2771:7)
#79     PipelineOwner.flushLayout (package:flutter/src/rendering/object.dart:1174:18)
#80     PipelineOwner.flushLayout (package:flutter/src/rendering/object.dart:1187:15)
#81     AutomatedTestWidgetsFlutterBinding.drawFrame (package:flutter_test/src/binding.dart:2434:27)
#82     RendererBinding._handlePersistentFrameCallback (package:flutter/src/rendering/binding.dart:558:5)
#83     SchedulerBinding._invokeFrameCallback (package:flutter/src/scheduler/binding.dart:1430:15)
#84     SchedulerBinding.handleDrawFrame (package:flutter/src/scheduler/binding.dart:1345:9)
#85     AutomatedTestWidgetsFlutterBinding.pump.<anonymous closure> (package:flutter_test/src/binding.dart:2261:9)
#88     TestAsyncUtils.guard (package:flutter_test/src/test_async_utils.dart:74:41)
#89     AutomatedTestWidgetsFlutterBinding.pump (package:flutter_test/src/binding.dart:2250:27)
#90     WidgetTester.pumpWidget.<anonymous closure> (package:flutter_test/src/widget_tester.dart:598:22)
#93     TestAsyncUtils.guard (package:flutter_test/src/test_async_utils.dart:74:41)
#94     WidgetTester.pumpWidget (package:flutter_test/src/widget_tester.dart:595:27)
#95     _pumpGolden (file:///C:/dev/ahdash11/mobile/test/visual/v10_phase_b_golden_test.dart:420:16)
#96     registerVisualTests.<anonymous closure> (file:///C:/dev/ahdash11/mobile/test/visual/v10_phase_b_golden_test.dart:184:13)
#97     testWidgets.<anonymous closure>.<anonymous closure> (package:flutter_test/src/widget_tester.dart:192:29)
<asynchronous suspension>
#98     TestWidgetsFlutterBinding._runTestBody (package:flutter_test/src/binding.dart:1953:5)
<asynchronous suspension>
<asynchronous suspension>
(elided 7 frames from class _AssertionError, dart:async, and package:stack_trace)

The following RenderObject was being processed when the exception was fired: _RenderColoredBox#fce03 NEEDS-LAYOUT NEEDS-PAINT NEEDS-COMPOSITING-BITS-UPDATE:
  creator: ColoredBox ← PartyV2Canvas ← Stack ← KeyedSubtree-[GlobalKey#6316c] ← _BodyBuilder ←
    MediaQuery ← LayoutId-[<_ScaffoldSlot.body>] ← CustomMultiChildLayout ← _ActionsScope ← Actions ←
    Builder ← DefaultTextStyle ← ⋯
  parentData: not positioned; offset=Offset(0.0, 0.0) (can use size)
  constraints: BoxConstraints(w=360.0, h=800.0)
  size: MISSING
  behavior: opaque
This RenderObject had the following descendants (showing up to depth 5):
    child: RenderPadding#56123 NEEDS-PAINT NEEDS-COMPOSITING-BITS-UPDATE
      child: RenderFlex#a1840 NEEDS-PAINT NEEDS-COMPOSITING-BITS-UPDATE
        child 1: RenderConstrainedBox#406da relayoutBoundary=up1 NEEDS-PAINT NEEDS-COMPOSITING-BITS-UPDATE
          child: RenderDecoratedBox#1173c relayoutBoundary=up2 NEEDS-PAINT NEEDS-COMPOSITING-BITS-UPDATE
            child: RenderPadding#ad422 relayoutBoundary=up3 NEEDS-PAINT NEEDS-COMPOSITING-BITS-UPDATE
        child 2: RenderClipRect#b6261 relayoutBoundary=up1 NEEDS-PAINT NEEDS-COMPOSITING-BITS-UPDATE
          child: RenderTransform#35cbc relayoutBoundary=up2 NEEDS-PAINT NEEDS-COMPOSITING-BITS-UPDATE
            child: _RenderScrollSemantics#6d75d relayoutBoundary=up3 NEEDS-PAINT NEEDS-COMPOSITING-BITS-UPDATE
        child 3: RenderPadding#17d56 relayoutBoundary=up1 NEEDS-PAINT NEEDS-COMPOSITING-BITS-UPDATE
          child: RenderConstrainedBox#d5a57 relayoutBoundary=up2 NEEDS-PAINT NEEDS-COMPOSITING-BITS-UPDATE
            child: RenderSemanticsAnnotations#0c7a0 NEEDS-PAINT NEEDS-COMPOSITING-BITS-UPDATE
════════════════════════════════════════════════════════════════════════════════════════════════════
══╡ EXCEPTION CAUGHT BY RENDERING LIBRARY ╞═════════════════════════════════════════════════════════
The following assertion was thrown during performLayout():
RenderBox was not laid out: _RenderColoredBox#fce03 NEEDS-PAINT NEEDS-COMPOSITING-BITS-UPDATE
'package:flutter/src/rendering/box.dart':
Failed assertion: line 2251 pos 12: 'hasSize'

Either the assertion indicates an error in the framework itself, or we should provide substantially
more information in this error message to help you determine and fix the underlying cause.
In either case, please report this assertion by filing a bug on GitHub:
  https://github.com/flutter/flutter/issues/new?template=02_bug.yml

The relevant error-causing widget was:
  Stack Stack:file:///C:/dev/ahdash11/mobile/lib/shared/presentation/brand_scaffold.dart:33:13

When the exception was thrown, this was the stack:
#2      RenderBox.size (package:flutter/src/rendering/box.dart:2251:12)
#3      ChildLayoutHelper.layoutChild (package:flutter/src/rendering/layout_helper.dart:63:18)
#4      RenderStack._computeSize (package:flutter/src/rendering/stack.dart:647:43)
#5      RenderStack.performLayout (package:flutter/src/rendering/stack.dart:682:12)
#6      RenderObject.layout (package:flutter/src/rendering/object.dart:2923:7)
#7      MultiChildLayoutDelegate.layoutChild (package:flutter/src/rendering/custom_layout.dart:180:12)
#8      _ScaffoldLayout.performLayout (package:flutter/src/material/scaffold.dart:1113:7)
#9      MultiChildLayoutDelegate._callPerformLayout (package:flutter/src/rendering/custom_layout.dart:246:7)
#10     RenderCustomMultiChildLayoutBox.performLayout (package:flutter/src/rendering/custom_layout.dart:417:14)
#11     RenderObject.layout (package:flutter/src/rendering/object.dart:2923:7)
#12     RenderProxyBoxMixin.performLayout (package:flutter/src/rendering/proxy_box.dart:118:18)
#13     RenderObject.layout (package:flutter/src/rendering/object.dart:2923:7)
#14     RenderProxyBoxMixin.performLayout (package:flutter/src/rendering/proxy_box.dart:118:18)
#15     _RenderCustomClip.performLayout (package:flutter/src/rendering/proxy_box.dart:1549:11)
#16     RenderObject.layout (package:flutter/src/rendering/object.dart:2923:7)
#17     RenderProxyBoxMixin.performLayout (package:flutter/src/rendering/proxy_box.dart:118:18)
#18     RenderObject.layout (package:flutter/src/rendering/object.dart:2923:7)
#19     RenderProxyBoxMixin.performLayout (package:flutter/src/rendering/proxy_box.dart:118:18)
#20     RenderObject.layout (package:flutter/src/rendering/object.dart:2923:7)
#21     RenderProxyBoxMixin.performLayout (package:flutter/src/rendering/proxy_box.dart:118:18)
#22     RenderObject.layout (package:flutter/src/rendering/object.dart:2923:7)
#23     RenderProxyBoxMixin.performLayout (package:flutter/src/rendering/proxy_box.dart:118:18)
#24     RenderObject.layout (package:flutter/src/rendering/object.dart:2923:7)
#25     RenderProxyBoxMixin.performLayout (package:flutter/src/rendering/proxy_box.dart:118:18)
#26     RenderObject.layout (package:flutter/src/rendering/object.dart:2923:7)
#27     RenderProxyBoxMixin.performLayout (package:flutter/src/rendering/proxy_box.dart:118:18)
#28     RenderObject.layout (package:flutter/src/rendering/object.dart:2923:7)
#29     RenderProxyBoxMixin.performLayout (package:flutter/src/rendering/proxy_box.dart:118:18)
#30     RenderObject.layout (package:flutter/src/rendering/object.dart:2923:7)
#31     RenderProxyBoxMixin.performLayout (package:flutter/src/rendering/proxy_box.dart:118:18)
#32     RenderObject.layout (package:flutter/src/rendering/object.dart:2923:7)
#33     RenderProxyBoxMixin.performLayout (package:flutter/src/rendering/proxy_box.dart:118:18)
#34     RenderObject.layout (package:flutter/src/rendering/object.dart:2923:7)
#35     RenderProxyBoxMixin.performLayout (package:flutter/src/rendering/proxy_box.dart:118:18)
#36     RenderObject.layout (package:flutter/src/rendering/object.dart:2923:7)
#37     RenderProxyBoxMixin.performLayout (package:flutter/src/rendering/proxy_box.dart:118:18)
#38     RenderObject.layout (package:flutter/src/rendering/object.dart:2923:7)
#39     RenderProxyBoxMixin.performLayout (package:flutter/src/rendering/proxy_box.dart:118:18)
#40     RenderObject.layout (package:flutter/src/rendering/object.dart:2923:7)
#41     RenderProxyBoxMixin.performLayout (package:flutter/src/rendering/proxy_box.dart:118:18)
#42     RenderObject.layout (package:flutter/src/rendering/object.dart:2923:7)
#43     RenderProxyBoxMixin.performLayout (package:flutter/src/rendering/proxy_box.dart:118:18)
#44     RenderObject.layout (package:flutter/src/rendering/object.dart:2923:7)
#45     RenderProxyBoxMixin.performLayout (package:flutter/src/rendering/proxy_box.dart:118:18)
#46     RenderObject.layout (package:flutter/src/rendering/object.dart:2923:7)
#47     RenderProxyBoxMixin.performLayout (package:flutter/src/rendering/proxy_box.dart:118:18)
#48     RenderObject.layout (package:flutter/src/rendering/object.dart:2923:7)
#49     RenderProxyBoxMixin.performLayout (package:flutter/src/rendering/proxy_box.dart:118:18)
#50     RenderOffstage.performLayout (package:flutter/src/rendering/proxy_box.dart:3923:13)
#51     RenderObject.layout (package:flutter/src/rendering/object.dart:2923:7)
#52     RenderProxyBoxMixin.performLayout (package:flutter/src/rendering/proxy_box.dart:118:18)
#53     RenderObject.layout (package:flutter/src/rendering/object.dart:2923:7)
#54     _RenderTheaterMixin.layoutChild (package:flutter/src/widgets/overlay.dart:1124:13)
#55     _RenderTheater.performLayout (package:flutter/src/widgets/overlay.dart:1482:9)
#56     RenderObject.layout (package:flutter/src/rendering/object.dart:2923:7)
#57     RenderProxyBoxMixin.performLayout (package:flutter/src/rendering/proxy_box.dart:118:18)
#58     RenderObject.layout (package:flutter/src/rendering/object.dart:2923:7)
#59     RenderProxyBoxMixin.performLayout (package:flutter/src/rendering/proxy_box.dart:118:18)
#60     RenderObject.layout (package:flutter/src/rendering/object.dart:2923:7)
#61     RenderProxyBoxMixin.performLayout (package:flutter/src/rendering/proxy_box.dart:118:18)
#62     RenderObject.layout (package:flutter/src/rendering/object.dart:2923:7)
#63     RenderProxyBoxMixin.performLayout (package:flutter/src/rendering/proxy_box.dart:118:18)
#64     RenderObject.layout (package:flutter/src/rendering/object.dart:2923:7)
#65     RenderProxyBoxMixin.performLayout (package:flutter/src/rendering/proxy_box.dart:118:18)
#66     RenderObject.layout (package:flutter/src/rendering/object.dart:2923:7)
#67     RenderProxyBoxMixin.performLayout (package:flutter/src/rendering/proxy_box.dart:118:18)
#68     RenderObject.layout (package:flutter/src/rendering/object.dart:2923:7)
#69     RenderProxyBoxMixin.performLayout (package:flutter/src/rendering/proxy_box.dart:118:18)
#70     RenderObject.layout (package:flutter/src/rendering/object.dart:2923:7)
#71     RenderProxyBoxMixin.performLayout (package:flutter/src/rendering/proxy_box.dart:118:18)
#72     RenderObject.layout (package:flutter/src/rendering/object.dart:2923:7)
#73     RenderProxyBoxMixin.performLayout (package:flutter/src/rendering/proxy_box.dart:118:18)
#74     RenderObject.layout (package:flutter/src/rendering/object.dart:2923:7)
#75     RenderView.performLayout (package:flutter/src/rendering/view.dart:292:12)
#76     RenderObject._layoutWithoutResize (package:flutter/src/rendering/object.dart:2771:7)
#77     PipelineOwner.flushLayout (package:flutter/src/rendering/object.dart:1174:18)
#78     PipelineOwner.flushLayout (package:flutter/src/rendering/object.dart:1187:15)
#79     AutomatedTestWidgetsFlutterBinding.drawFrame (package:flutter_test/src/binding.dart:2434:27)
#80     RendererBinding._handlePersistentFrameCallback (package:flutter/src/rendering/binding.dart:558:5)
#81     SchedulerBinding._invokeFrameCallback (package:flutter/src/scheduler/binding.dart:1430:15)
#82     SchedulerBinding.handleDrawFrame (package:flutter/src/scheduler/binding.dart:1345:9)
#83     AutomatedTestWidgetsFlutterBinding.pump.<anonymous closure> (package:flutter_test/src/binding.dart:2261:9)
#86     TestAsyncUtils.guard (package:flutter_test/src/test_async_utils.dart:74:41)
#87     AutomatedTestWidgetsFlutterBinding.pump (package:flutter_test/src/binding.dart:2250:27)
#88     WidgetTester.pumpWidget.<anonymous closure> (package:flutter_test/src/widget_tester.dart:598:22)
#91     TestAsyncUtils.guard (package:flutter_test/src/test_async_utils.dart:74:41)
#92     WidgetTester.pumpWidget (package:flutter_test/src/widget_tester.dart:595:27)
#93     _pumpGolden (file:///C:/dev/ahdash11/mobile/test/visual/v10_phase_b_golden_test.dart:420:16)
#94     registerVisualTests.<anonymous closure> (file:///C:/dev/ahdash11/mobile/test/visual/v10_phase_b_golden_test.dart:184:13)
#95     testWidgets.<anonymous closure>.<anonymous closure> (package:flutter_test/src/widget_tester.dart:192:29)
<asynchronous suspension>
#96     TestWidgetsFlutterBinding._runTestBody (package:flutter_test/src/binding.dart:1953:5)
<asynchronous suspension>
<asynchronous suspension>
(elided 7 frames from class _AssertionError, dart:async, and package:stack_trace)

The following RenderObject was being processed when the exception was fired: RenderStack#46355 relayoutBoundary=up1 NEEDS-LAYOUT NEEDS-PAINT NEEDS-COMPOSITING-BITS-UPDATE:
  creator: Stack ← KeyedSubtree-[GlobalKey#6316c] ← _BodyBuilder ← MediaQuery ←
    LayoutId-[<_ScaffoldSlot.body>] ← CustomMultiChildLayout ← _ActionsScope ← Actions ← Builder ←
    DefaultTextStyle ← AnimatedDefaultTextStyle ← _InkFeatures-[GlobalKey#69533 ink renderer] ← ⋯
  parentData: offset=Offset(0.0, 0.0); id=_ScaffoldSlot.body (can use size)
  constraints: BoxConstraints(0.0<=w<=360.0, 0.0<=h<=800.0)
  size: MISSING
  alignment: AlignmentDirectional.topStart
  textDirection: rtl
  fit: expand
This RenderObject had the following descendants (showing up to depth 5):
    child 1: RenderIgnorePointer#1180a NEEDS-PAINT NEEDS-COMPOSITING-BITS-UPDATE
      child: RenderOpacity#e6ef4 NEEDS-PAINT NEEDS-COMPOSITING-BITS-UPDATE
        child: RenderSemanticsAnnotations#1db59 NEEDS-PAINT NEEDS-COMPOSITING-BITS-UPDATE
          child: RenderImage#731ef NEEDS-PAINT
    child 2: _RenderColoredBox#fce03 NEEDS-PAINT NEEDS-COMPOSITING-BITS-UPDATE
      child: RenderPadding#56123 NEEDS-PAINT NEEDS-COMPOSITING-BITS-UPDATE
        child: RenderFlex#a1840 NEEDS-PAINT NEEDS-COMPOSITING-BITS-UPDATE
          child 1: RenderConstrainedBox#406da relayoutBoundary=up1 NEEDS-PAINT NEEDS-COMPOSITING-BITS-UPDATE
            child: RenderDecoratedBox#1173c relayoutBoundary=up2 NEEDS-PAINT NEEDS-COMPOSITING-BITS-UPDATE
          child 2: RenderClipRect#b6261 relayoutBoundary=up1 NEEDS-PAINT NEEDS-COMPOSITING-BITS-UPDATE
            child: RenderTransform#35cbc relayoutBoundary=up2 NEEDS-PAINT NEEDS-COMPOSITING-BITS-UPDATE
          child 3: RenderPadding#17d56 relayoutBoundary=up1 NEEDS-PAINT NEEDS-COMPOSITING-BITS-UPDATE
            child: RenderConstrainedBox#d5a57 relayoutBoundary=up2 NEEDS-PAINT NEEDS-COMPOSITING-BITS-UPDATE
════════════════════════════════════════════════════════════════════════════════════════════════════
══╡ EXCEPTION CAUGHT BY RENDERING LIBRARY ╞═════════════════════════════════════════════════════════
The following assertion was thrown during performLayout():
RenderBox was not laid out: RenderStack#46355 relayoutBoundary=up1 NEEDS-PAINT
NEEDS-COMPOSITING-BITS-UPDATE
'package:flutter/src/rendering/box.dart':
Failed assertion: line 2251 pos 12: 'hasSize'

Either the assertion indicates an error in the framework itself, or we should provide substantially
more information in this error message to help you determine and fix the underlying cause.
In either case, please report this assertion by filing a bug on GitHub:
  https://github.com/flutter/flutter/issues/new?template=02_bug.yml

The relevant error-causing widget was:
  Scaffold Scaffold:file:///C:/dev/ahdash11/mobile/lib/shared/presentation/brand_scaffold.dart:29:12

When the exception was thrown, this was the stack:
#2      RenderBox.size (package:flutter/src/rendering/box.dart:2251:12)
#3      MultiChildLayoutDelegate.layoutChild (package:flutter/src/rendering/custom_layout.dart:181:18)
#4      _ScaffoldLayout.performLayout (package:flutter/src/material/scaffold.dart:1113:7)
#5      MultiChildLayoutDelegate._callPerformLayout (package:flutter/src/rendering/custom_layout.dart:246:7)
#6      RenderCustomMultiChildLayoutBox.performLayout (package:flutter/src/rendering/custom_layout.dart:417:14)
#7      RenderObject.layout (package:flutter/src/rendering/object.dart:2923:7)
#8      RenderProxyBoxMixin.performLayout (package:flutter/src/rendering/proxy_box.dart:118:18)
#9      RenderObject.layout (package:flutter/src/rendering/object.dart:2923:7)
#10     RenderProxyBoxMixin.performLayout (package:flutter/src/rendering/proxy_box.dart:118:18)
#11     _RenderCustomClip.performLayout (package:flutter/src/rendering/proxy_box.dart:1549:11)
#12     RenderObject.layout (package:flutter/src/rendering/object.dart:2923:7)
#13     RenderProxyBoxMixin.performLayout (package:flutter/src/rendering/proxy_box.dart:118:18)
#14     RenderObject.layout (package:flutter/src/rendering/object.dart:2923:7)
#15     RenderProxyBoxMixin.performLayout (package:flutter/src/rendering/proxy_box.dart:118:18)
#16     RenderObject.layout (package:flutter/src/rendering/object.dart:2923:7)
#17     RenderProxyBoxMixin.performLayout (package:flutter/src/rendering/proxy_box.dart:118:18)
#18     RenderObject.layout (package:flutter/src/rendering/object.dart:2923:7)
#19     RenderProxyBoxMixin.performLayout (package:flutter/src/rendering/proxy_box.dart:118:18)
#20     RenderObject.layout (package:flutter/src/rendering/object.dart:2923:7)
#21     RenderProxyBoxMixin.performLayout (package:flutter/src/rendering/proxy_box.dart:118:18)
#22     RenderObject.layout (package:flutter/src/rendering/object.dart:2923:7)
#23     RenderProxyBoxMixin.performLayout (package:flutter/src/rendering/proxy_box.dart:118:18)
#24     RenderObject.layout (package:flutter/src/rendering/object.dart:2923:7)
#25     RenderProxyBoxMixin.performLayout (package:flutter/src/rendering/proxy_box.dart:118:18)
#26     RenderObject.layout (package:flutter/src/rendering/object.dart:2923:7)
#27     RenderProxyBoxMixin.performLayout (package:flutter/src/rendering/proxy_box.dart:118:18)
#28     RenderObject.layout (package:flutter/src/rendering/object.dart:2923:7)
#29     RenderProxyBoxMixin.performLayout (package:flutter/src/rendering/proxy_box.dart:118:18)
#30     RenderObject.layout (package:flutter/src/rendering/object.dart:2923:7)
#31     RenderProxyBoxMixin.performLayout (package:flutter/src/rendering/proxy_box.dart:118:18)
#32     RenderObject.layout (package:flutter/src/rendering/object.dart:2923:7)
#33     RenderProxyBoxMixin.performLayout (package:flutter/src/rendering/proxy_box.dart:118:18)
#34     RenderObject.layout (package:flutter/src/rendering/object.dart:2923:7)
#35     RenderProxyBoxMixin.performLayout (package:flutter/src/rendering/proxy_box.dart:118:18)
#36     RenderObject.layout (package:flutter/src/rendering/object.dart:2923:7)
#37     RenderProxyBoxMixin.performLayout (package:flutter/src/rendering/proxy_box.dart:118:18)
#38     RenderObject.layout (package:flutter/src/rendering/object.dart:2923:7)
#39     RenderProxyBoxMixin.performLayout (package:flutter/src/rendering/proxy_box.dart:118:18)
#40     RenderObject.layout (package:flutter/src/rendering/object.dart:2923:7)
#41     RenderProxyBoxMixin.performLayout (package:flutter/src/rendering/proxy_box.dart:118:18)
#42     RenderObject.layout (package:flutter/src/rendering/object.dart:2923:7)
#43     RenderProxyBoxMixin.performLayout (package:flutter/src/rendering/proxy_box.dart:118:18)
#44     RenderObject.layout (package:flutter/src/rendering/object.dart:2923:7)
#45     RenderProxyBoxMixin.performLayout (package:flutter/src/rendering/proxy_box.dart:118:18)
#46     RenderOffstage.performLayout (package:flutter/src/rendering/proxy_box.dart:3923:13)
#47     RenderObject.layout (package:flutter/src/rendering/object.dart:2923:7)
#48     RenderProxyBoxMixin.performLayout (package:flutter/src/rendering/proxy_box.dart:118:18)
#49     RenderObject.layout (package:flutter/src/rendering/object.dart:2923:7)
#50     _RenderTheaterMixin.layoutChild (package:flutter/src/widgets/overlay.dart:1124:13)
#51     _RenderTheater.performLayout (package:flutter/src/widgets/overlay.dart:1482:9)
#52     RenderObject.layout (package:flutter/src/rendering/object.dart:2923:7)
#53     RenderProxyBoxMixin.performLayout (package:flutter/src/rendering/proxy_box.dart:118:18)
#54     RenderObject.layout (package:flutter/src/rendering/object.dart:2923:7)
#55     RenderProxyBoxMixin.performLayout (package:flutter/src/rendering/proxy_box.dart:118:18)
#56     RenderObject.layout (package:flutter/src/rendering/object.dart:2923:7)
#57     RenderProxyBoxMixin.performLayout (package:flutter/src/rendering/proxy_box.dart:118:18)
#58     RenderObject.layout (package:flutter/src/rendering/object.dart:2923:7)
#59     RenderProxyBoxMixin.performLayout (package:flutter/src/rendering/proxy_box.dart:118:18)
#60     RenderObject.layout (package:flutter/src/rendering/object.dart:2923:7)
#61     RenderProxyBoxMixin.performLayout (package:flutter/src/rendering/proxy_box.dart:118:18)
#62     RenderObject.layout (package:flutter/src/rendering/object.dart:2923:7)
#63     RenderProxyBoxMixin.performLayout (package:flutter/src/rendering/proxy_box.dart:118:18)
#64     RenderObject.layout (package:flutter/src/rendering/object.dart:2923:7)
#65     RenderProxyBoxMixin.performLayout (package:flutter/src/rendering/proxy_box.dart:118:18)
#66     RenderObject.layout (package:flutter/src/rendering/object.dart:2923:7)
#67     RenderProxyBoxMixin.performLayout (package:flutter/src/rendering/proxy_box.dart:118:18)
#68     RenderObject.layout (package:flutter/src/rendering/object.dart:2923:7)
#69     RenderProxyBoxMixin.performLayout (package:flutter/src/rendering/proxy_box.dart:118:18)
#70     RenderObject.layout (package:flutter/src/rendering/object.dart:2923:7)
#71     RenderView.performLayout (package:flutter/src/rendering/view.dart:292:12)
#72     RenderObject._layoutWithoutResize (package:flutter/src/rendering/object.dart:2771:7)
#73     PipelineOwner.flushLayout (package:flutter/src/rendering/object.dart:1174:18)
#74     PipelineOwner.flushLayout (package:flutter/src/rendering/object.dart:1187:15)
#75     AutomatedTestWidgetsFlutterBinding.drawFrame (package:flutter_test/src/binding.dart:2434:27)
#76     RendererBinding._handlePersistentFrameCallback (package:flutter/src/rendering/binding.dart:558:5)
#77     SchedulerBinding._invokeFrameCallback (package:flutter/src/scheduler/binding.dart:1430:15)
#78     SchedulerBinding.handleDrawFrame (package:flutter/src/scheduler/binding.dart:1345:9)
#79     AutomatedTestWidgetsFlutterBinding.pump.<anonymous closure> (package:flutter_test/src/binding.dart:2261:9)
#82     TestAsyncUtils.guard (package:flutter_test/src/test_async_utils.dart:74:41)
#83     AutomatedTestWidgetsFlutterBinding.pump (package:flutter_test/src/binding.dart:2250:27)
#84     WidgetTester.pumpWidget.<anonymous closure> (package:flutter_test/src/widget_tester.dart:598:22)
#87     TestAsyncUtils.guard (package:flutter_test/src/test_async_utils.dart:74:41)
#88     WidgetTester.pumpWidget (package:flutter_test/src/widget_tester.dart:595:27)
#89     _pumpGolden (file:///C:/dev/ahdash11/mobile/test/visual/v10_phase_b_golden_test.dart:420:16)
#90     registerVisualTests.<anonymous closure> (file:///C:/dev/ahdash11/mobile/test/visual/v10_phase_b_golden_test.dart:184:13)
#91     testWidgets.<anonymous closure>.<anonymous closure> (package:flutter_test/src/widget_tester.dart:192:29)
<asynchronous suspension>
#92     TestWidgetsFlutterBinding._runTestBody (package:flutter_test/src/binding.dart:1953:5)
<asynchronous suspension>
<asynchronous suspension>
(elided 7 frames from class _AssertionError, dart:async, and package:stack_trace)

The following RenderObject was being processed when the exception was fired: RenderCustomMultiChildLayoutBox#1ca57 NEEDS-LAYOUT NEEDS-PAINT NEEDS-COMPOSITING-BITS-UPDATE:
  creator: CustomMultiChildLayout ← _ActionsScope ← Actions ← Builder ← DefaultTextStyle ←
    AnimatedDefaultTextStyle ← _InkFeatures-[GlobalKey#69533 ink renderer] ←
    NotificationListener<LayoutChangedNotification> ← PhysicalModel ← AnimatedPhysicalModel ← Material
    ← _ScrollNotificationObserverScope ← ⋯
  parentData: <none> (can use size)
  constraints: BoxConstraints(w=360.0, h=800.0)
  size: Size(360.0, 800.0)
This RenderObject had the following descendants (showing up to depth 5):
    child 1: RenderStack#46355 relayoutBoundary=up1 NEEDS-PAINT NEEDS-COMPOSITING-BITS-UPDATE
      child 1: RenderIgnorePointer#1180a NEEDS-PAINT NEEDS-COMPOSITING-BITS-UPDATE
        child: RenderOpacity#e6ef4 NEEDS-PAINT NEEDS-COMPOSITING-BITS-UPDATE
          child: RenderSemanticsAnnotations#1db59 NEEDS-PAINT NEEDS-COMPOSITING-BITS-UPDATE
            child: RenderImage#731ef NEEDS-PAINT
      child 2: _RenderColoredBox#fce03 NEEDS-PAINT NEEDS-COMPOSITING-BITS-UPDATE
        child: RenderPadding#56123 NEEDS-PAINT NEEDS-COMPOSITING-BITS-UPDATE
          child: RenderFlex#a1840 NEEDS-PAINT NEEDS-COMPOSITING-BITS-UPDATE
            child 1: RenderConstrainedBox#406da relayoutBoundary=up1 NEEDS-PAINT NEEDS-COMPOSITING-BITS-UPDATE
            child 2: RenderClipRect#b6261 relayoutBoundary=up1 NEEDS-PAINT NEEDS-COMPOSITING-BITS-UPDATE
            child 3: RenderPadding#17d56 relayoutBoundary=up1 NEEDS-PAINT NEEDS-COMPOSITING-BITS-UPDATE
    child 2: RenderStack#d142b NEEDS-LAYOUT NEEDS-PAINT NEEDS-COMPOSITING-BITS-UPDATE
      child 1: RenderTransform#8718e NEEDS-LAYOUT NEEDS-PAINT NEEDS-COMPOSITING-BITS-UPDATE
        child: RenderTransform#3d8db NEEDS-LAYOUT NEEDS-PAINT
════════════════════════════════════════════════════════════════════════════════════════════════════
══╡ EXCEPTION CAUGHT BY RENDERING LIBRARY ╞═════════════════════════════════════════════════════════
The following assertion was thrown during paint():
RenderBox was not laid out: _RenderColoredBox#fce03
'package:flutter/src/rendering/box.dart':
Failed assertion: line 2251 pos 12: 'hasSize'

Either the assertion indicates an error in the framework itself, or we should provide substantially
more information in this error message to help you determine and fix the underlying cause.
In either case, please report this assertion by filing a bug on GitHub:
  https://github.com/flutter/flutter/issues/new?template=02_bug.yml

The relevant error-causing widget was:
  ColoredBox
  ColoredBox:file:///C:/dev/ahdash11/mobile/lib/features/party/presentation/party_v2_ui.dart:26:7

When the exception was thrown, this was the stack:
#2      RenderBox.size (package:flutter/src/rendering/box.dart:2251:12)
#3      _RenderColoredBox.paint (package:flutter/src/widgets/basic.dart:8463:9)
#4      RenderObject._paintWithContext (package:flutter/src/rendering/object.dart:3580:7)
#5      PaintingContext.paintChild (package:flutter/src/rendering/object.dart:265:13)
#6      RenderBoxContainerDefaultsMixin.defaultPaint (package:flutter/src/rendering/box.dart:3390:15)
#7      RenderStack.paintStack (package:flutter/src/rendering/stack.dart:713:5)
#8      RenderStack.paint (package:flutter/src/rendering/stack.dart:729:7)
#9      RenderObject._paintWithContext (package:flutter/src/rendering/object.dart:3580:7)
#10     PaintingContext.paintChild (package:flutter/src/rendering/object.dart:265:13)
#11     RenderBoxContainerDefaultsMixin.defaultPaint (package:flutter/src/rendering/box.dart:3390:15)
#12     RenderCustomMultiChildLayoutBox.paint (package:flutter/src/rendering/custom_layout.dart:422:5)
#13     RenderObject._paintWithContext (package:flutter/src/rendering/object.dart:3580:7)
#14     PaintingContext.paintChild (package:flutter/src/rendering/object.dart:265:13)
#15     RenderProxyBoxMixin.paint (package:flutter/src/rendering/proxy_box.dart:143:13)
#16     _RenderInkFeatures.paint (package:flutter/src/material/material.dart:634:11)
#17     RenderObject._paintWithContext (package:flutter/src/rendering/object.dart:3580:7)
#18     PaintingContext.paintChild (package:flutter/src/rendering/object.dart:265:13)
#19     RenderProxyBoxMixin.paint (package:flutter/src/rendering/proxy_box.dart:143:13)
#20     RenderPhysicalModel.paint.<anonymous closure> (package:flutter/src/rendering/proxy_box.dart:2252:15)
#21     PaintingContext.pushClipRRect (package:flutter/src/rendering/object.dart:626:14)
#22     RenderPhysicalModel.paint (package:flutter/src/rendering/proxy_box.dart:2239:21)
#23     RenderObject._paintWithContext (package:flutter/src/rendering/object.dart:3580:7)
#24     PaintingContext.paintChild (package:flutter/src/rendering/object.dart:265:13)
#25     RenderProxyBoxMixin.paint (package:flutter/src/rendering/proxy_box.dart:143:13)
#26     RenderObject._paintWithContext (package:flutter/src/rendering/object.dart:3580:7)
#27     PaintingContext._repaintCompositedChild (package:flutter/src/rendering/object.dart:180:11)
#28     PaintingContext.repaintCompositedChild (package:flutter/src/rendering/object.dart:125:5)
#29     PaintingContext._compositeChild (package:flutter/src/rendering/object.dart:276:7)
#30     PaintingContext.paintChild (package:flutter/src/rendering/object.dart:257:7)
#31     RenderProxyBoxMixin.paint (package:flutter/src/rendering/proxy_box.dart:143:13)
#32     RenderObject._paintWithContext (package:flutter/src/rendering/object.dart:3580:7)
#33     PaintingContext.paintChild (package:flutter/src/rendering/object.dart:265:13)
#34     RenderProxyBoxMixin.paint (package:flutter/src/rendering/proxy_box.dart:143:13)
#35     RenderObject._paintWithContext (package:flutter/src/rendering/object.dart:3580:7)
#36     PaintingContext._repaintCompositedChild (package:flutter/src/rendering/object.dart:180:11)
#37     PaintingContext.repaintCompositedChild (package:flutter/src/rendering/object.dart:125:5)
#38     PaintingContext._compositeChild (package:flutter/src/rendering/object.dart:276:7)
#39     PaintingContext.paintChild (package:flutter/src/rendering/object.dart:257:7)
#40     RenderProxyBoxMixin.paint (package:flutter/src/rendering/proxy_box.dart:143:13)
#41     RenderObject._paintWithContext (package:flutter/src/rendering/object.dart:3580:7)
#42     PaintingContext.paintChild (package:flutter/src/rendering/object.dart:265:13)
#43     RenderProxyBoxMixin.paint (package:flutter/src/rendering/proxy_box.dart:143:13)
#44     RenderFractionalTranslation.paint (package:flutter/src/rendering/proxy_box.dart:3138:13)
#45     RenderObject._paintWithContext (package:flutter/src/rendering/object.dart:3580:7)
#46     PaintingContext.paintChild (package:flutter/src/rendering/object.dart:265:13)
#47     RenderProxyBoxMixin.paint (package:flutter/src/rendering/proxy_box.dart:143:13)
#48     RenderAnimatedOpacityMixin.paint (package:flutter/src/rendering/proxy_box.dart:1079:11)
#49     RenderObject._paintWithContext (package:flutter/src/rendering/object.dart:3580:7)
#50     PaintingContext._repaintCompositedChild (package:flutter/src/rendering/object.dart:180:11)
#51     PaintingContext.repaintCompositedChild (package:flutter/src/rendering/object.dart:125:5)
#52     PaintingContext._compositeChild (package:flutter/src/rendering/object.dart:276:7)
#53     PaintingContext.paintChild (package:flutter/src/rendering/object.dart:257:7)
#54     RenderProxyBoxMixin.paint (package:flutter/src/rendering/proxy_box.dart:143:13)
#55     RenderFractionalTranslation.paint (package:flutter/src/rendering/proxy_box.dart:3138:13)
#56     RenderObject._paintWithContext (package:flutter/src/rendering/object.dart:3580:7)
#57     PaintingContext.paintChild (package:flutter/src/rendering/object.dart:265:13)
#58     RenderProxyBoxMixin.paint (package:flutter/src/rendering/proxy_box.dart:143:13)
#59     RenderAnimatedOpacityMixin.paint (package:flutter/src/rendering/proxy_box.dart:1079:11)
#60     RenderObject._paintWithContext (package:flutter/src/rendering/object.dart:3580:7)
#61     PaintingContext._repaintCompositedChild (package:flutter/src/rendering/object.dart:180:11)
#62     PaintingContext.repaintCompositedChild (package:flutter/src/rendering/object.dart:125:5)
#63     PaintingContext._compositeChild (package:flutter/src/rendering/object.dart:276:7)
#64     PaintingContext.paintChild (package:flutter/src/rendering/object.dart:257:7)
#65     _RenderColoredBox.paint (package:flutter/src/widgets/basic.dart:8472:15)
#66     RenderObject._paintWithContext (package:flutter/src/rendering/object.dart:3580:7)
#67     PaintingContext.paintChild (package:flutter/src/rendering/object.dart:265:13)
#68     RenderProxyBoxMixin.paint (package:flutter/src/rendering/proxy_box.dart:143:13)
#69     RenderFractionalTranslation.paint (package:flutter/src/rendering/proxy_box.dart:3138:13)
#70     RenderObject._paintWithContext (package:flutter/src/rendering/object.dart:3580:7)
#71     PaintingContext.paintChild (package:flutter/src/rendering/object.dart:265:13)
#72     RenderProxyBoxMixin.paint (package:flutter/src/rendering/proxy_box.dart:143:13)
#73     RenderAnimatedOpacityMixin.paint (package:flutter/src/rendering/proxy_box.dart:1079:11)
#74     RenderObject._paintWithContext (package:flutter/src/rendering/object.dart:3580:7)
#75     PaintingContext._repaintCompositedChild (package:flutter/src/rendering/object.dart:180:11)
#76     PaintingContext.repaintCompositedChild (package:flutter/src/rendering/object.dart:125:5)
#77     PaintingContext._compositeChild (package:flutter/src/rendering/object.dart:276:7)
#78     PaintingContext.paintChild (package:flutter/src/rendering/object.dart:257:7)
#79     RenderProxyBoxMixin.paint (package:flutter/src/rendering/proxy_box.dart:143:13)
#80     RenderObject._paintWithContext (package:flutter/src/rendering/object.dart:3580:7)
#81     PaintingContext.paintChild (package:flutter/src/rendering/object.dart:265:13)
#82     RenderProxyBoxMixin.paint (package:flutter/src/rendering/proxy_box.dart:143:13)
#83     RenderFractionalTranslation.paint (package:flutter/src/rendering/proxy_box.dart:3138:13)
#84     RenderObject._paintWithContext (package:flutter/src/rendering/object.dart:3580:7)
#85     PaintingContext.paintChild (package:flutter/src/rendering/object.dart:265:13)
#86     RenderProxyBoxMixin.paint (package:flutter/src/rendering/proxy_box.dart:143:13)
#87     RenderAnimatedOpacityMixin.paint (package:flutter/src/rendering/proxy_box.dart:1079:11)
#88     RenderObject._paintWithContext (package:flutter/src/rendering/object.dart:3580:7)
#89     PaintingContext._repaintCompositedChild (package:flutter/src/rendering/object.dart:180:11)
#90     PaintingContext.repaintCompositedChild (package:flutter/src/rendering/object.dart:125:5)
#91     PaintingContext._compositeChild (package:flutter/src/rendering/object.dart:276:7)
#92     PaintingContext.paintChild (package:flutter/src/rendering/object.dart:257:7)
#93     RenderProxyBoxMixin.paint (package:flutter/src/rendering/proxy_box.dart:143:13)
#94     RenderObject._paintWithContext (package:flutter/src/rendering/object.dart:3580:7)
#95     PaintingContext._repaintCompositedChild (package:flutter/src/rendering/object.dart:180:11)
#96     PaintingContext.repaintCompositedChild (package:flutter/src/rendering/object.dart:125:5)
#97     PaintingContext._compositeChild (package:flutter/src/rendering/object.dart:276:7)
#98     PaintingContext.paintChild (package:flutter/src/rendering/object.dart:257:7)
#99     RenderProxyBoxMixin.paint (package:flutter/src/rendering/proxy_box.dart:143:13)
#100    RenderObject._paintWithContext (package:flutter/src/rendering/object.dart:3580:7)
#101    PaintingContext.paintChild (package:flutter/src/rendering/object.dart:265:13)
#102    RenderProxyBoxMixin.paint (package:flutter/src/rendering/proxy_box.dart:143:13)
#103    RenderOffstage.paint (package:flutter/src/rendering/proxy_box.dart:3943:11)
#104    RenderObject._paintWithContext (package:flutter/src/rendering/object.dart:3580:7)
#105    PaintingContext.paintChild (package:flutter/src/rendering/object.dart:265:13)
#106    RenderProxyBoxMixin.paint (package:flutter/src/rendering/proxy_box.dart:143:13)
#107    RenderObject._paintWithContext (package:flutter/src/rendering/object.dart:3580:7)
#108    PaintingContext.paintChild (package:flutter/src/rendering/object.dart:265:13)
#109    _RenderTheaterMixin.paint (package:flutter/src/widgets/overlay.dart:1159:15)
#110    _RenderTheater.paint (package:flutter/src/widgets/overlay.dart:1543:13)
#111    RenderObject._paintWithContext (package:flutter/src/rendering/object.dart:3580:7)
#112    PaintingContext.paintChild (package:flutter/src/rendering/object.dart:265:13)
#113    RenderProxyBoxMixin.paint (package:flutter/src/rendering/proxy_box.dart:143:13)
#114    RenderObject._paintWithContext (package:flutter/src/rendering/object.dart:3580:7)
#115    PaintingContext.paintChild (package:flutter/src/rendering/object.dart:265:13)
#116    RenderProxyBoxMixin.paint (package:flutter/src/rendering/proxy_box.dart:143:13)
#117    RenderObject._paintWithContext (package:flutter/src/rendering/object.dart:3580:7)
#118    PaintingContext.paintChild (package:flutter/src/rendering/object.dart:265:13)
#119    RenderProxyBoxMixin.paint (package:flutter/src/rendering/proxy_box.dart:143:13)
#120    RenderObject._paintWithContext (package:flutter/src/rendering/object.dart:3580:7)
#121    PaintingContext.paintChild (package:flutter/src/rendering/object.dart:265:13)
#122    RenderProxyBoxMixin.paint (package:flutter/src/rendering/proxy_box.dart:143:13)
#123    RenderObject._paintWithContext (package:flutter/src/rendering/object.dart:3580:7)
#124    PaintingContext.paintChild (package:flutter/src/rendering/object.dart:265:13)
#125    RenderProxyBoxMixin.paint (package:flutter/src/rendering/proxy_box.dart:143:13)
#126    RenderObject._paintWithContext (package:flutter/src/rendering/object.dart:3580:7)
#127    PaintingContext.paintChild (package:flutter/src/rendering/object.dart:265:13)
#128    RenderProxyBoxMixin.paint (package:flutter/src/rendering/proxy_box.dart:143:13)
#129    RenderObject._paintWithContext (package:flutter/src/rendering/object.dart:3580:7)
#130    PaintingContext.paintChild (package:flutter/src/rendering/object.dart:265:13)
#131    RenderProxyBoxMixin.paint (package:flutter/src/rendering/proxy_box.dart:143:13)
#132    RenderObject._paintWithContext (package:flutter/src/rendering/object.dart:3580:7)
#133    PaintingContext.paintChild (package:flutter/src/rendering/object.dart:265:13)
#134    RenderProxyBoxMixin.paint (package:flutter/src/rendering/proxy_box.dart:143:13)
#135    RenderObject._paintWithContext (package:flutter/src/rendering/object.dart:3580:7)
#136    PaintingContext.paintChild (package:flutter/src/rendering/object.dart:265:13)
#137    RenderProxyBoxMixin.paint (package:flutter/src/rendering/proxy_box.dart:143:13)
#138    RenderObject._paintWithContext (package:flutter/src/rendering/object.dart:3580:7)
#139    PaintingContext.paintChild (package:flutter/src/rendering/object.dart:265:13)
#140    RenderView.paint (package:flutter/src/rendering/view.dart:320:15)
#141    RenderObject._paintWithContext (package:flutter/src/rendering/object.dart:3580:7)
#142    PaintingContext._repaintCompositedChild (package:flutter/src/rendering/object.dart:180:11)
#143    PaintingContext.repaintCompositedChild (package:flutter/src/rendering/object.dart:125:5)
#144    PipelineOwner.flushPaint (package:flutter/src/rendering/object.dart:1325:31)
#145    PipelineOwner.flushPaint (package:flutter/src/rendering/object.dart:1335:15)
#146    AutomatedTestWidgetsFlutterBinding.drawFrame (package:flutter_test/src/binding.dart:2438:31)
#147    RendererBinding._handlePersistentFrameCallback (package:flutter/src/rendering/binding.dart:558:5)
#148    SchedulerBinding._invokeFrameCallback (package:flutter/src/scheduler/binding.dart:1430:15)
#149    SchedulerBinding.handleDrawFrame (package:flutter/src/scheduler/binding.dart:1345:9)
#150    AutomatedTestWidgetsFlutterBinding.pump.<anonymous closure> (package:flutter_test/src/binding.dart:2261:9)
#153    TestAsyncUtils.guard (package:flutter_test/src/test_async_utils.dart:74:41)
#154    AutomatedTestWidgetsFlutterBinding.pump (package:flutter_test/src/binding.dart:2250:27)
#155    WidgetTester.pumpWidget.<anonymous closure> (package:flutter_test/src/widget_tester.dart:598:22)
#158    TestAsyncUtils.guard (package:flutter_test/src/test_async_utils.dart:74:41)
#159    WidgetTester.pumpWidget (package:flutter_test/src/widget_tester.dart:595:27)
#160    _pumpGolden (file:///C:/dev/ahdash11/mobile/test/visual/v10_phase_b_golden_test.dart:420:16)
#161    registerVisualTests.<anonymous closure> (file:///C:/dev/ahdash11/mobile/test/visual/v10_phase_b_golden_test.dart:184:13)
#162    testWidgets.<anonymous closure>.<anonymous closure> (package:flutter_test/src/widget_tester.dart:192:29)
<asynchronous suspension>
#163    TestWidgetsFlutterBinding._runTestBody (package:flutter_test/src/binding.dart:1953:5)
<asynchronous suspension>
<asynchronous suspension>
(elided 7 frames from class _AssertionError, dart:async, and package:stack_trace)

The following RenderObject was being processed when the exception was fired: _RenderColoredBox#fce03:
  needs compositing
  creator: ColoredBox ← PartyV2Canvas ← Stack ← KeyedSubtree-[GlobalKey#6316c] ← _BodyBuilder ←
    MediaQuery ← LayoutId-[<_ScaffoldSlot.body>] ← CustomMultiChildLayout ← _ActionsScope ← Actions ←
    Builder ← DefaultTextStyle ← ⋯
  parentData: not positioned; offset=Offset(0.0, 0.0) (can use size)
  constraints: BoxConstraints(w=360.0, h=800.0)
  size: MISSING
  behavior: opaque
This RenderObject had the following descendants (showing up to depth 5):
    child: RenderPadding#56123 NEEDS-PAINT
      child: RenderFlex#a1840 NEEDS-PAINT
        child 1: RenderConstrainedBox#406da relayoutBoundary=up1 NEEDS-PAINT
          child: RenderDecoratedBox#1173c relayoutBoundary=up2 NEEDS-PAINT
            child: RenderPadding#ad422 relayoutBoundary=up3 NEEDS-PAINT
        child 2: RenderClipRect#b6261 relayoutBoundary=up1 NEEDS-PAINT
          child: RenderTransform#35cbc relayoutBoundary=up2 NEEDS-PAINT
            child: _RenderScrollSemantics#6d75d relayoutBoundary=up3 NEEDS-PAINT
        child 3: RenderPadding#17d56 relayoutBoundary=up1 NEEDS-PAINT
          child: RenderConstrainedBox#d5a57 relayoutBoundary=up2 NEEDS-PAINT
            child: RenderSemanticsAnnotations#0c7a0 NEEDS-PAINT
════════════════════════════════════════════════════════════════════════════════════════════════════
══╡ EXCEPTION CAUGHT BY SCHEDULER LIBRARY ╞═════════════════════════════════════════════════════════
The following assertion was thrown during a scheduler callback:
'package:flutter/src/rendering/object.dart': Failed assertion: line 6018 pos 14:
'!childSemantics.renderObject._needsLayout': is not true.

Either the assertion indicates an error in the framework itself, or we should provide substantially
more information in this error message to help you determine and fix the underlying cause.
In either case, please report this assertion by filing a bug on GitHub:
  https://github.com/flutter/flutter/issues/new?template=02_bug.yml

When the exception was thrown, this was the stack:
#2      _RenderObjectSemantics._collectChildMergeUpAndSiblingGroup (package:flutter/src/rendering/object.dart:6018:14)
#3      _RenderObjectSemantics.updateChildren (package:flutter/src/rendering/object.dart:5844:50)
#4      _RenderObjectSemantics._didUpdateParentData (package:flutter/src/rendering/object.dart:6095:5)
#5      _RenderObjectSemantics._collectChildMergeUpAndSiblingGroup (package:flutter/src/rendering/object.dart:6019:22)
#6      _RenderObjectSemantics.updateChildren (package:flutter/src/rendering/object.dart:5844:50)
#7      _RenderObjectSemantics._didUpdateParentData (package:flutter/src/rendering/object.dart:6095:5)
#8      _RenderObjectSemantics._collectChildMergeUpAndSiblingGroup (package:flutter/src/rendering/object.dart:6019:22)
#9      _RenderObjectSemantics.updateChildren (package:flutter/src/rendering/object.dart:5844:50)
#10     _RenderObjectSemantics._didUpdateParentData (package:flutter/src/rendering/object.dart:6095:5)
#11     _RenderObjectSemantics._collectChildMergeUpAndSiblingGroup (package:flutter/src/rendering/object.dart:6019:22)
#12     _RenderObjectSemantics.updateChildren (package:flutter/src/rendering/object.dart:5844:50)
#13     _RenderObjectSemantics._didUpdateParentData (package:flutter/src/rendering/object.dart:6095:5)
#14     _RenderObjectSemantics._collectChildMergeUpAndSiblingGroup (package:flutter/src/rendering/object.dart:6019:22)
#15     _RenderObjectSemantics.updateChildren (package:flutter/src/rendering/object.dart:5844:50)
#16     _RenderObjectSemantics._didUpdateParentData (package:flutter/src/rendering/object.dart:6095:5)
#17     _RenderObjectSemantics._collectChildMergeUpAndSiblingGroup (package:flutter/src/rendering/object.dart:6019:22)
#18     _RenderObjectSemantics.updateChildren (package:flutter/src/rendering/object.dart:5844:50)
#19     _RenderObjectSemantics._didUpdateParentData (package:flutter/src/rendering/object.dart:6095:5)
#20     _RenderObjectSemantics._collectChildMergeUpAndSiblingGroup (package:flutter/src/rendering/object.dart:6019:22)
#21     _RenderObjectSemantics.updateChildren (package:flutter/src/rendering/object.dart:5844:50)
#22     _RenderObjectSemantics._didUpdateParentData (package:flutter/src/rendering/object.dart:6095:5)
#23     _RenderObjectSemantics._collectChildMergeUpAndSiblingGroup (package:flutter/src/rendering/object.dart:6019:22)
#24     _RenderObjectSemantics.updateChildren (package:flutter/src/rendering/object.dart:5844:50)
#25     _RenderObjectSemantics._didUpdateParentData (package:flutter/src/rendering/object.dart:6095:5)
#26     _RenderObjectSemantics._collectChildMergeUpAndSiblingGroup (package:flutter/src/rendering/object.dart:6019:22)
#27     _RenderObjectSemantics.updateChildren (package:flutter/src/rendering/object.dart:5844:50)
#28     _RenderObjectSemantics._didUpdateParentData (package:flutter/src/rendering/object.dart:6095:5)
#29     _RenderObjectSemantics._collectChildMergeUpAndSiblingGroup (package:flutter/src/rendering/object.dart:6019:22)
#30     _RenderObjectSemantics.updateChildren (package:flutter/src/rendering/object.dart:5844:50)
#31     _RenderObjectSemantics._didUpdateParentData (package:flutter/src/rendering/object.dart:6095:5)
#32     _RenderObjectSemantics._collectChildMergeUpAndSiblingGroup (package:flutter/src/rendering/object.dart:6019:22)
#33     _RenderObjectSemantics.updateChildren (package:flutter/src/rendering/object.dart:5844:50)
#34     _RenderObjectSemantics._didUpdateParentData (package:flutter/src/rendering/object.dart:6095:5)
#35     _RenderObjectSemantics._collectChildMergeUpAndSiblingGroup (package:flutter/src/rendering/object.dart:6019:22)
#36     _RenderObjectSemantics.updateChildren (package:flutter/src/rendering/object.dart:5844:50)
#37     _RenderObjectSemantics._didUpdateParentData (package:flutter/src/rendering/object.dart:6095:5)
#38     _RenderObjectSemantics._collectChildMergeUpAndSiblingGroup (package:flutter/src/rendering/object.dart:6019:22)
#39     _RenderObjectSemantics.updateChildren (package:flutter/src/rendering/object.dart:5844:50)
#40     _RenderObjectSemantics._didUpdateParentData (package:flutter/src/rendering/object.dart:6095:5)
#41     _RenderObjectSemantics._collectChildMergeUpAndSiblingGroup (package:flutter/src/rendering/object.dart:6019:22)
#42     _RenderObjectSemantics.updateChildren (package:flutter/src/rendering/object.dart:5844:50)
#43     _RenderObjectSemantics._didUpdateParentData (package:flutter/src/rendering/object.dart:6095:5)
#44     _RenderObjectSemantics._collectChildMergeUpAndSiblingGroup (package:flutter/src/rendering/object.dart:6019:22)
#45     _RenderObjectSemantics.updateChildren (package:flutter/src/rendering/object.dart:5844:50)
#46     _RenderObjectSemantics._didUpdateParentData (package:flutter/src/rendering/object.dart:6095:5)
#47     _RenderObjectSemantics._collectChildMergeUpAndSiblingGroup (package:flutter/src/rendering/object.dart:6019:22)
#48     _RenderObjectSemantics.updateChildren (package:flutter/src/rendering/object.dart:5844:50)
#49     _RenderObjectSemantics._didUpdateParentData (package:flutter/src/rendering/object.dart:6095:5)
#50     _RenderObjectSemantics._collectChildMergeUpAndSiblingGroup (package:flutter/src/rendering/object.dart:6019:22)
#51     _RenderObjectSemantics.updateChildren (package:flutter/src/rendering/object.dart:5844:50)
#52     _RenderObjectSemantics._didUpdateParentData (package:flutter/src/rendering/object.dart:6095:5)
#53     _RenderObjectSemantics._collectChildMergeUpAndSiblingGroup (package:flutter/src/rendering/object.dart:6019:22)
#54     _RenderObjectSemantics.updateChildren (package:flutter/src/rendering/object.dart:5844:50)
#55     _RenderObjectSemantics._didUpdateParentData (package:flutter/src/rendering/object.dart:6095:5)
#56     _RenderObjectSemantics._collectChildMergeUpAndSiblingGroup (package:flutter/src/rendering/object.dart:6019:22)
#57     _RenderObjectSemantics.updateChildren (package:flutter/src/rendering/object.dart:5844:50)
#58     _RenderObjectSemantics._didUpdateParentData (package:flutter/src/rendering/object.dart:6095:5)
#59     _RenderObjectSemantics._collectChildMergeUpAndSiblingGroup (package:flutter/src/rendering/object.dart:6019:22)
#60     _RenderObjectSemantics.updateChildren (package:flutter/src/rendering/object.dart:5844:50)
#61     _RenderObjectSemantics._didUpdateParentData (package:flutter/src/rendering/object.dart:6095:5)
#62     _RenderObjectSemantics._collectChildMergeUpAndSiblingGroup (package:flutter/src/rendering/object.dart:6019:22)
#63     _RenderObjectSemantics.updateChildren (package:flutter/src/rendering/object.dart:5844:50)
#64     _RenderObjectSemantics._didUpdateParentData (package:flutter/src/rendering/object.dart:6095:5)
#65     _RenderObjectSemantics._collectChildMergeUpAndSiblingGroup (package:flutter/src/rendering/object.dart:6019:22)
#66     _RenderObjectSemantics.updateChildren (package:flutter/src/rendering/object.dart:5844:50)
#67     _RenderObjectSemantics._didUpdateParentData (package:flutter/src/rendering/object.dart:6095:5)
#68     _RenderObjectSemantics._collectChildMergeUpAndSiblingGroup (package:flutter/src/rendering/object.dart:6019:22)
#69     _RenderObjectSemantics.updateChildren (package:flutter/src/rendering/object.dart:5844:50)
#70     _RenderObjectSemantics._didUpdateParentData (package:flutter/src/rendering/object.dart:6095:5)
#71     _RenderObjectSemantics._collectChildMergeUpAndSiblingGroup (package:flutter/src/rendering/object.dart:6019:22)
#72     _RenderObjectSemantics.updateChildren (package:flutter/src/rendering/object.dart:5844:50)
#73     _RenderObjectSemantics._didUpdateParentData (package:flutter/src/rendering/object.dart:6095:5)
#74     _RenderObjectSemantics._collectChildMergeUpAndSiblingGroup (package:flutter/src/rendering/object.dart:6019:22)
#75     _RenderObjectSemantics.updateChildren (package:flutter/src/rendering/object.dart:5844:50)
#76     _RenderObjectSemantics._didUpdateParentData (package:flutter/src/rendering/object.dart:6095:5)
#77     _RenderObjectSemantics._collectChildMergeUpAndSiblingGroup (package:flutter/src/rendering/object.dart:6019:22)
#78     _RenderObjectSemantics.updateChildren (package:flutter/src/rendering/object.dart:5844:50)
#79     _RenderObjectSemantics._didUpdateParentData (package:flutter/src/rendering/object.dart:6095:5)
#80     _RenderObjectSemantics._collectChildMergeUpAndSiblingGroup (package:flutter/src/rendering/object.dart:6019:22)
#81     _RenderObjectSemantics.updateChildren (package:flutter/src/rendering/object.dart:5844:50)
#82     _RenderObjectSemantics._didUpdateParentData (package:flutter/src/rendering/object.dart:6095:5)
#83     _RenderObjectSemantics._collectChildMergeUpAndSiblingGroup (package:flutter/src/rendering/object.dart:6019:22)
#84     _RenderObjectSemantics.updateChildren (package:flutter/src/rendering/object.dart:5844:50)
#85     _RenderObjectSemantics._didUpdateParentData (package:flutter/src/rendering/object.dart:6095:5)
#86     _RenderObjectSemantics._collectChildMergeUpAndSiblingGroup (package:flutter/src/rendering/object.dart:6019:22)
#87     _RenderObjectSemantics.updateChildren (package:flutter/src/rendering/object.dart:5844:50)
#88     _RenderObjectSemantics._didUpdateParentData (package:flutter/src/rendering/object.dart:6095:5)
#89     _RenderObjectSemantics._collectChildMergeUpAndSiblingGroup (package:flutter/src/rendering/object.dart:6019:22)
#90     _RenderObjectSemantics.updateChildren (package:flutter/src/rendering/object.dart:5844:50)
#91     _RenderObjectSemantics._didUpdateParentData (package:flutter/src/rendering/object.dart:6095:5)
#92     _RenderObjectSemantics._collectChildMergeUpAndSiblingGroup (package:flutter/src/rendering/object.dart:6019:22)
#93     _RenderObjectSemantics.updateChildren (package:flutter/src/rendering/object.dart:5844:50)
#94     _RenderObjectSemantics._didUpdateParentData (package:flutter/src/rendering/object.dart:6095:5)
#95     _RenderObjectSemantics._collectChildMergeUpAndSiblingGroup (package:flutter/src/rendering/object.dart:6019:22)
#96     _RenderObjectSemantics.updateChildren (package:flutter/src/rendering/object.dart:5844:50)
#97     _RenderObjectSemantics._didUpdateParentData (package:flutter/src/rendering/object.dart:6095:5)
#98     _RenderObjectSemantics._collectChildMergeUpAndSiblingGroup (package:flutter/src/rendering/object.dart:6019:22)
#99     _RenderObjectSemantics.updateChildren (package:flutter/src/rendering/object.dart:5844:50)
#100    _RenderObjectSemantics._didUpdateParentData (package:flutter/src/rendering/object.dart:6095:5)
#101    _RenderObjectSemantics._collectChildMergeUpAndSiblingGroup (package:flutter/src/rendering/object.dart:6019:22)
#102    _RenderObjectSemantics.updateChildren (package:flutter/src/rendering/object.dart:5844:50)
#103    _RenderObjectSemantics._didUpdateParentData (package:flutter/src/rendering/object.dart:6095:5)
#104    _RenderObjectSemantics._collectChildMergeUpAndSiblingGroup (package:flutter/src/rendering/object.dart:6019:22)
#105    _RenderObjectSemantics.updateChildren (package:flutter/src/rendering/object.dart:5844:50)
#106    _RenderObjectSemantics._didUpdateParentData (package:flutter/src/rendering/object.dart:6095:5)
#107    _RenderObjectSemantics._collectChildMergeUpAndSiblingGroup (package:flutter/src/rendering/object.dart:6019:22)
#108    _RenderObjectSemantics.updateChildren (package:flutter/src/rendering/object.dart:5844:50)
#109    _RenderObjectSemantics._didUpdateParentData (package:flutter/src/rendering/object.dart:6095:5)
#110    _RenderObjectSemantics._collectChildMergeUpAndSiblingGroup (package:flutter/src/rendering/object.dart:6019:22)
#111    _RenderObjectSemantics.updateChildren (package:flutter/src/rendering/object.dart:5844:50)
#112    _RenderObjectSemantics._didUpdateParentData (package:flutter/src/rendering/object.dart:6095:5)
#113    _RenderObjectSemantics._collectChildMergeUpAndSiblingGroup (package:flutter/src/rendering/object.dart:6019:22)
#114    _RenderObjectSemantics.updateChildren (package:flutter/src/rendering/object.dart:5844:50)
#115    _RenderObjectSemantics._didUpdateParentData (package:flutter/src/rendering/object.dart:6095:5)
#116    _RenderObjectSemantics._collectChildMergeUpAndSiblingGroup (package:flutter/src/rendering/object.dart:6019:22)
#117    _RenderObjectSemantics.updateChildren (package:flutter/src/rendering/object.dart:5844:50)
#118    _RenderObjectSemantics._didUpdateParentData (package:flutter/src/rendering/object.dart:6095:5)
#119    _RenderObjectSemantics._collectChildMergeUpAndSiblingGroup (package:flutter/src/rendering/object.dart:6019:22)
#120    _RenderObjectSemantics.updateChildren (package:flutter/src/rendering/object.dart:5844:50)
#121    _RenderObjectSemantics._didUpdateParentData (package:flutter/src/rendering/object.dart:6095:5)
#122    _RenderObjectSemantics._collectChildMergeUpAndSiblingGroup (package:flutter/src/rendering/object.dart:6019:22)
#123    _RenderObjectSemantics.updateChildren (package:flutter/src/rendering/object.dart:5844:50)
#124    _RenderObjectSemantics._didUpdateParentData (package:flutter/src/rendering/object.dart:6095:5)
#125    _RenderObjectSemantics._collectChildMergeUpAndSiblingGroup (package:flutter/src/rendering/object.dart:6019:22)
#126    _RenderObjectSemantics.updateChildren (package:flutter/src/rendering/object.dart:5844:50)
#127    _RenderObjectSemantics._didUpdateParentData (package:flutter/src/rendering/object.dart:6095:5)
#128    _RenderObjectSemantics._collectChildMergeUpAndSiblingGroup (package:flutter/src/rendering/object.dart:6019:22)
#129    _RenderObjectSemantics.updateChildren (package:flutter/src/rendering/object.dart:5844:50)
#130    _RenderObjectSemantics._didUpdateParentData (package:flutter/src/rendering/object.dart:6095:5)
#131    _RenderObjectSemantics._collectChildMergeUpAndSiblingGroup (package:flutter/src/rendering/object.dart:6019:22)
#132    _RenderObjectSemantics.updateChildren (package:flutter/src/rendering/object.dart:5844:50)
#133    _RenderObjectSemantics._didUpdateParentData (package:flutter/src/rendering/object.dart:6095:5)
#134    _RenderObjectSemantics._collectChildMergeUpAndSiblingGroup (package:flutter/src/rendering/object.dart:6019:22)
#135    _RenderObjectSemantics.updateChildren (package:flutter/src/rendering/object.dart:5844:50)
#136    _RenderObjectSemantics._didUpdateParentData (package:flutter/src/rendering/object.dart:6095:5)
#137    _RenderObjectSemantics._collectChildMergeUpAndSiblingGroup (package:flutter/src/rendering/object.dart:6019:22)
#138    _RenderObjectSemantics.updateChildren (package:flutter/src/rendering/object.dart:5844:50)
#139    _RenderObjectSemantics._didUpdateParentData (package:flutter/src/rendering/object.dart:6095:5)
#140    _RenderObjectSemantics._collectChildMergeUpAndSiblingGroup (package:flutter/src/rendering/object.dart:6019:22)
#141    _RenderObjectSemantics.updateChildren (package:flutter/src/rendering/object.dart:5844:50)
#142    _RenderObjectSemantics._didUpdateParentData (package:flutter/src/rendering/object.dart:6095:5)
#143    _RenderObjectSemantics._collectChildMergeUpAndSiblingGroup (package:flutter/src/rendering/object.dart:6019:22)
#144    _RenderObjectSemantics.updateChildren (package:flutter/src/rendering/object.dart:5844:50)
#145    _RenderObjectSemantics._didUpdateParentData (package:flutter/src/rendering/object.dart:6095:5)
#146    _RenderObjectSemantics._collectChildMergeUpAndSiblingGroup (package:flutter/src/rendering/object.dart:6019:22)
#147    _RenderObjectSemantics.updateChildren (package:flutter/src/rendering/object.dart:5844:50)
#148    PipelineOwner.flushSemantics (package:flutter/src/rendering/object.dart:1489:25)
#149    PipelineOwner.flushSemantics (package:flutter/src/rendering/object.dart:1653:15)
#150    AutomatedTestWidgetsFlutterBinding.drawFrame (package:flutter_test/src/binding.dart:2445:35)
#151    RendererBinding._handlePersistentFrameCallback (package:flutter/src/rendering/binding.dart:558:5)
#152    SchedulerBinding._invokeFrameCallback (package:flutter/src/scheduler/binding.dart:1430:15)
#153    SchedulerBinding.handleDrawFrame (package:flutter/src/scheduler/binding.dart:1345:9)
#154    AutomatedTestWidgetsFlutterBinding.pump.<anonymous closure> (package:flutter_test/src/binding.dart:2261:9)
#157    TestAsyncUtils.guard (package:flutter_test/src/test_async_utils.dart:74:41)
#158    AutomatedTestWidgetsFlutterBinding.pump (package:flutter_test/src/binding.dart:2250:27)
#159    WidgetTester.pumpWidget.<anonymous closure> (package:flutter_test/src/widget_tester.dart:598:22)
#162    TestAsyncUtils.guard (package:flutter_test/src/test_async_utils.dart:74:41)
#163    WidgetTester.pumpWidget (package:flutter_test/src/widget_tester.dart:595:27)
#164    _pumpGolden (file:///C:/dev/ahdash11/mobile/test/visual/v10_phase_b_golden_test.dart:420:16)
#165    registerVisualTests.<anonymous closure> (file:///C:/dev/ahdash11/mobile/test/visual/v10_phase_b_golden_test.dart:184:13)
#166    testWidgets.<anonymous closure>.<anonymous closure> (package:flutter_test/src/widget_tester.dart:192:29)
<asynchronous suspension>
#167    TestWidgetsFlutterBinding._runTestBody (package:flutter_test/src/binding.dart:1953:5)
<asynchronous suspension>
<asynchronous suspension>
(elided 7 frames from class _AssertionError, dart:async, and package:stack_trace)
════════════════════════════════════════════════════════════════════════════════════════════════════
══╡ EXCEPTION CAUGHT BY SCHEDULER LIBRARY ╞═════════════════════════════════════════════════════════
The following assertion was thrown during a scheduler callback:
'package:flutter/src/rendering/object.dart': Failed assertion: line 6018 pos 14:
'!childSemantics.renderObject._needsLayout': is not true.

Either the assertion indicates an error in the framework itself, or we should provide substantially
more information in this error message to help you determine and fix the underlying cause.
In either case, please report this assertion by filing a bug on GitHub:
  https://github.com/flutter/flutter/issues/new?template=02_bug.yml

When the exception was thrown, this was the stack:
#2      _RenderObjectSemantics._collectChildMergeUpAndSiblingGroup (package:flutter/src/rendering/object.dart:6018:14)
#3      _RenderObjectSemantics.updateChildren (package:flutter/src/rendering/object.dart:5844:50)
#4      _RenderObjectSemantics._didUpdateParentData (package:flutter/src/rendering/object.dart:6095:5)
#5      _RenderObjectSemantics._collectChildMergeUpAndSiblingGroup (package:flutter/src/rendering/object.dart:6019:22)
#6      _RenderObjectSemantics.updateChildren (package:flutter/src/rendering/object.dart:5844:50)
#7      _RenderObjectSemantics._didUpdateParentData (package:flutter/src/rendering/object.dart:6095:5)
#8      _RenderObjectSemantics._collectChildMergeUpAndSiblingGroup (package:flutter/src/rendering/object.dart:6019:22)
#9      _RenderObjectSemantics.updateChildren (package:flutter/src/rendering/object.dart:5844:50)
#10     _RenderObjectSemantics._didUpdateParentData (package:flutter/src/rendering/object.dart:6095:5)
#11     _RenderObjectSemantics._collectChildMergeUpAndSiblingGroup (package:flutter/src/rendering/object.dart:6019:22)
#12     _RenderObjectSemantics.updateChildren (package:flutter/src/rendering/object.dart:5844:50)
#13     _RenderObjectSemantics._didUpdateParentData (package:flutter/src/rendering/object.dart:6095:5)
#14     _RenderObjectSemantics._collectChildMergeUpAndSiblingGroup (package:flutter/src/rendering/object.dart:6019:22)
#15     _RenderObjectSemantics.updateChildren (package:flutter/src/rendering/object.dart:5844:50)
#16     _RenderObjectSemantics._didUpdateParentData (package:flutter/src/rendering/object.dart:6095:5)
#17     _RenderObjectSemantics._collectChildMergeUpAndSiblingGroup (package:flutter/src/rendering/object.dart:6019:22)
#18     _RenderObjectSemantics.updateChildren (package:flutter/src/rendering/object.dart:5844:50)
#19     _RenderObjectSemantics._didUpdateParentData (package:flutter/src/rendering/object.dart:6095:5)
#20     _RenderObjectSemantics._collectChildMergeUpAndSiblingGroup (package:flutter/src/rendering/object.dart:6019:22)
#21     _RenderObjectSemantics.updateChildren (package:flutter/src/rendering/object.dart:5844:50)
#22     _RenderObjectSemantics._didUpdateParentData (package:flutter/src/rendering/object.dart:6095:5)
#23     _RenderObjectSemantics._collectChildMergeUpAndSiblingGroup (package:flutter/src/rendering/object.dart:6019:22)
#24     _RenderObjectSemantics.updateChildren (package:flutter/src/rendering/object.dart:5844:50)
#25     _RenderObjectSemantics._didUpdateParentData (package:flutter/src/rendering/object.dart:6095:5)
#26     _RenderObjectSemantics._collectChildMergeUpAndSiblingGroup (package:flutter/src/rendering/object.dart:6019:22)
#27     _RenderObjectSemantics.updateChildren (package:flutter/src/rendering/object.dart:5844:50)
#28     _RenderObjectSemantics._didUpdateParentData (package:flutter/src/rendering/object.dart:6095:5)
#29     _RenderObjectSemantics._collectChildMergeUpAndSiblingGroup (package:flutter/src/rendering/object.dart:6019:22)
#30     _RenderObjectSemantics.updateChildren (package:flutter/src/rendering/object.dart:5844:50)
#31     _RenderObjectSemantics._didUpdateParentData (package:flutter/src/rendering/object.dart:6095:5)
#32     _RenderObjectSemantics._collectChildMergeUpAndSiblingGroup (package:flutter/src/rendering/object.dart:6019:22)
#33     _RenderObjectSemantics.updateChildren (package:flutter/src/rendering/object.dart:5844:50)
#34     _RenderObjectSemantics._didUpdateParentData (package:flutter/src/rendering/object.dart:6095:5)
#35     _RenderObjectSemantics._collectChildMergeUpAndSiblingGroup (package:flutter/src/rendering/object.dart:6019:22)
#36     _RenderObjectSemantics.updateChildren (package:flutter/src/rendering/object.dart:5844:50)
#37     _RenderObjectSemantics._didUpdateParentData (package:flutter/src/rendering/object.dart:6095:5)
#38     _RenderObjectSemantics._collectChildMergeUpAndSiblingGroup (package:flutter/src/rendering/object.dart:6019:22)
#39     _RenderObjectSemantics.updateChildren (package:flutter/src/rendering/object.dart:5844:50)
#40     _RenderObjectSemantics._didUpdateParentData (package:flutter/src/rendering/object.dart:6095:5)
#41     _RenderObjectSemantics._collectChildMergeUpAndSiblingGroup (package:flutter/src/rendering/object.dart:6019:22)
#42     _RenderObjectSemantics.updateChildren (package:flutter/src/rendering/object.dart:5844:50)
#43     _RenderObjectSemantics._didUpdateParentData (package:flutter/src/rendering/object.dart:6095:5)
#44     _RenderObjectSemantics._collectChildMergeUpAndSiblingGroup (package:flutter/src/rendering/object.dart:6019:22)
#45     _RenderObjectSemantics.updateChildren (package:flutter/src/rendering/object.dart:5844:50)
#46     _RenderObjectSemantics._didUpdateParentData (package:flutter/src/rendering/object.dart:6095:5)
#47     _RenderObjectSemantics._collectChildMergeUpAndSiblingGroup (package:flutter/src/rendering/object.dart:6019:22)
#48     _RenderObjectSemantics.updateChildren (package:flutter/src/rendering/object.dart:5844:50)
#49     _RenderObjectSemantics._didUpdateParentData (package:flutter/src/rendering/object.dart:6095:5)
#50     _RenderObjectSemantics._collectChildMergeUpAndSiblingGroup (package:flutter/src/rendering/object.dart:6019:22)
#51     _RenderObjectSemantics.updateChildren (package:flutter/src/rendering/object.dart:5844:50)
#52     _RenderObjectSemantics._didUpdateParentData (package:flutter/src/rendering/object.dart:6095:5)
#53     _RenderObjectSemantics._collectChildMergeUpAndSiblingGroup (package:flutter/src/rendering/object.dart:6019:22)
#54     _RenderObjectSemantics.updateChildren (package:flutter/src/rendering/object.dart:5844:50)
#55     _RenderObjectSemantics._didUpdateParentData (package:flutter/src/rendering/object.dart:6095:5)
#56     _RenderObjectSemantics._collectChildMergeUpAndSiblingGroup (package:flutter/src/rendering/object.dart:6019:22)
#57     _RenderObjectSemantics.updateChildren (package:flutter/src/rendering/object.dart:5844:50)
#58     _RenderObjectSemantics._didUpdateParentData (package:flutter/src/rendering/object.dart:6095:5)
#59     _RenderObjectSemantics._collectChildMergeUpAndSiblingGroup (package:flutter/src/rendering/object.dart:6019:22)
#60     _RenderObjectSemantics.updateChildren (package:flutter/src/rendering/object.dart:5844:50)
#61     _RenderObjectSemantics._didUpdateParentData (package:flutter/src/rendering/object.dart:6095:5)
#62     _RenderObjectSemantics._collectChildMergeUpAndSiblingGroup (package:flutter/src/rendering/object.dart:6019:22)
#63     _RenderObjectSemantics.updateChildren (package:flutter/src/rendering/object.dart:5844:50)
#64     _RenderObjectSemantics._didUpdateParentData (package:flutter/src/rendering/object.dart:6095:5)
#65     _RenderObjectSemantics._collectChildMergeUpAndSiblingGroup (package:flutter/src/rendering/object.dart:6019:22)
#66     _RenderObjectSemantics.updateChildren (package:flutter/src/rendering/object.dart:5844:50)
#67     _RenderObjectSemantics._didUpdateParentData (package:flutter/src/rendering/object.dart:6095:5)
#68     _RenderObjectSemantics._collectChildMergeUpAndSiblingGroup (package:flutter/src/rendering/object.dart:6019:22)
#69     _RenderObjectSemantics.updateChildren (package:flutter/src/rendering/object.dart:5844:50)
#70     _RenderObjectSemantics._didUpdateParentData (package:flutter/src/rendering/object.dart:6095:5)
#71     _RenderObjectSemantics._collectChildMergeUpAndSiblingGroup (package:flutter/src/rendering/object.dart:6019:22)
#72     _RenderObjectSemantics.updateChildren (package:flutter/src/rendering/object.dart:5844:50)
#73     _RenderObjectSemantics._didUpdateParentData (package:flutter/src/rendering/object.dart:6095:5)
#74     _RenderObjectSemantics._collectChildMergeUpAndSiblingGroup (package:flutter/src/rendering/object.dart:6019:22)
#75     _RenderObjectSemantics.updateChildren (package:flutter/src/rendering/object.dart:5844:50)
#76     _RenderObjectSemantics._didUpdateParentData (package:flutter/src/rendering/object.dart:6095:5)
#77     _RenderObjectSemantics._collectChildMergeUpAndSiblingGroup (package:flutter/src/rendering/object.dart:6019:22)
#78     _RenderObjectSemantics.updateChildren (package:flutter/src/rendering/object.dart:5844:50)
#79     _RenderObjectSemantics._didUpdateParentData (package:flutter/src/rendering/object.dart:6095:5)
#80     _RenderObjectSemantics._collectChildMergeUpAndSiblingGroup (package:flutter/src/rendering/object.dart:6019:22)
#81     _RenderObjectSemantics.updateChildren (package:flutter/src/rendering/object.dart:5844:50)
#82     _RenderObjectSemantics._didUpdateParentData (package:flutter/src/rendering/object.dart:6095:5)
#83     _RenderObjectSemantics._collectChildMergeUpAndSiblingGroup (package:flutter/src/rendering/object.dart:6019:22)
#84     _RenderObjectSemantics.updateChildren (package:flutter/src/rendering/object.dart:5844:50)
#85     _RenderObjectSemantics._didUpdateParentData (package:flutter/src/rendering/object.dart:6095:5)
#86     _RenderObjectSemantics._collectChildMergeUpAndSiblingGroup (package:flutter/src/rendering/object.dart:6019:22)
#87     _RenderObjectSemantics.updateChildren (package:flutter/src/rendering/object.dart:5844:50)
#88     _RenderObjectSemantics._didUpdateParentData (package:flutter/src/rendering/object.dart:6095:5)
#89     _RenderObjectSemantics._collectChildMergeUpAndSiblingGroup (package:flutter/src/rendering/object.dart:6019:22)
#90     _RenderObjectSemantics.updateChildren (package:flutter/src/rendering/object.dart:5844:50)
#91     _RenderObjectSemantics._didUpdateParentData (package:flutter/src/rendering/object.dart:6095:5)
#92     _RenderObjectSemantics._collectChildMergeUpAndSiblingGroup (package:flutter/src/rendering/object.dart:6019:22)
#93     _RenderObjectSemantics.updateChildren (package:flutter/src/rendering/object.dart:5844:50)
#94     _RenderObjectSemantics._didUpdateParentData (package:flutter/src/rendering/object.dart:6095:5)
#95     _RenderObjectSemantics._collectChildMergeUpAndSiblingGroup (package:flutter/src/rendering/object.dart:6019:22)
#96     _RenderObjectSemantics.updateChildren (package:flutter/src/rendering/object.dart:5844:50)
#97     _RenderObjectSemantics._didUpdateParentData (package:flutter/src/rendering/object.dart:6095:5)
#98     _RenderObjectSemantics._collectChildMergeUpAndSiblingGroup (package:flutter/src/rendering/object.dart:6019:22)
#99     _RenderObjectSemantics.updateChildren (package:flutter/src/rendering/object.dart:5844:50)
#100    _RenderObjectSemantics._didUpdateParentData (package:flutter/src/rendering/object.dart:6095:5)
#101    _RenderObjectSemantics._collectChildMergeUpAndSiblingGroup (package:flutter/src/rendering/object.dart:6019:22)
#102    _RenderObjectSemantics.updateChildren (package:flutter/src/rendering/object.dart:5844:50)
#103    _RenderObjectSemantics._didUpdateParentData (package:flutter/src/rendering/object.dart:6095:5)
#104    _RenderObjectSemantics._collectChildMergeUpAndSiblingGroup (package:flutter/src/rendering/object.dart:6019:22)
#105    _RenderObjectSemantics.updateChildren (package:flutter/src/rendering/object.dart:5844:50)
#106    _RenderObjectSemantics._didUpdateParentData (package:flutter/src/rendering/object.dart:6095:5)
#107    _RenderObjectSemantics._collectChildMergeUpAndSiblingGroup (package:flutter/src/rendering/object.dart:6019:22)
#108    _RenderObjectSemantics.updateChildren (package:flutter/src/rendering/object.dart:5844:50)
#109    _RenderObjectSemantics._didUpdateParentData (package:flutter/src/rendering/object.dart:6095:5)
#110    _RenderObjectSemantics._collectChildMergeUpAndSiblingGroup (package:flutter/src/rendering/object.dart:6019:22)
#111    _RenderObjectSemantics.updateChildren (package:flutter/src/rendering/object.dart:5844:50)
#112    _RenderObjectSemantics._didUpdateParentData (package:flutter/src/rendering/object.dart:6095:5)
#113    _RenderObjectSemantics._collectChildMergeUpAndSiblingGroup (package:flutter/src/rendering/object.dart:6019:22)
#114    _RenderObjectSemantics.updateChildren (package:flutter/src/rendering/object.dart:5844:50)
#115    _RenderObjectSemantics._didUpdateParentData (package:flutter/src/rendering/object.dart:6095:5)
#116    _RenderObjectSemantics._collectChildMergeUpAndSiblingGroup (package:flutter/src/rendering/object.dart:6019:22)
#117    _RenderObjectSemantics.updateChildren (package:flutter/src/rendering/object.dart:5844:50)
#118    _RenderObjectSemantics._didUpdateParentData (package:flutter/src/rendering/object.dart:6095:5)
#119    _RenderObjectSemantics._collectChildMergeUpAndSiblingGroup (package:flutter/src/rendering/object.dart:6019:22)
#120    _RenderObjectSemantics.updateChildren (package:flutter/src/rendering/object.dart:5844:50)
#121    _RenderObjectSemantics._didUpdateParentData (package:flutter/src/rendering/object.dart:6095:5)
#122    _RenderObjectSemantics._collectChildMergeUpAndSiblingGroup (package:flutter/src/rendering/object.dart:6019:22)
#123    _RenderObjectSemantics.updateChildren (package:flutter/src/rendering/object.dart:5844:50)
#124    _RenderObjectSemantics._didUpdateParentData (package:flutter/src/rendering/object.dart:6095:5)
#125    _RenderObjectSemantics._collectChildMergeUpAndSiblingGroup (package:flutter/src/rendering/object.dart:6019:22)
#126    _RenderObjectSemantics.updateChildren (package:flutter/src/rendering/object.dart:5844:50)
#127    _RenderObjectSemantics._didUpdateParentData (package:flutter/src/rendering/object.dart:6095:5)
#128    _RenderObjectSemantics._collectChildMergeUpAndSiblingGroup (package:flutter/src/rendering/object.dart:6019:22)
#129    _RenderObjectSemantics.updateChildren (package:flutter/src/rendering/object.dart:5844:50)
#130    _RenderObjectSemantics._didUpdateParentData (package:flutter/src/rendering/object.dart:6095:5)
#131    _RenderObjectSemantics._collectChildMergeUpAndSiblingGroup (package:flutter/src/rendering/object.dart:6019:22)
#132    _RenderObjectSemantics.updateChildren (package:flutter/src/rendering/object.dart:5844:50)
#133    _RenderObjectSemantics._didUpdateParentData (package:flutter/src/rendering/object.dart:6095:5)
#134    _RenderObjectSemantics._collectChildMergeUpAndSiblingGroup (package:flutter/src/rendering/object.dart:6019:22)
#135    _RenderObjectSemantics.updateChildren (package:flutter/src/rendering/object.dart:5844:50)
#136    _RenderObjectSemantics._didUpdateParentData (package:flutter/src/rendering/object.dart:6095:5)
#137    _RenderObjectSemantics._collectChildMergeUpAndSiblingGroup (package:flutter/src/rendering/object.dart:6019:22)
#138    _RenderObjectSemantics.updateChildren (package:flutter/src/rendering/object.dart:5844:50)
#139    _RenderObjectSemantics._didUpdateParentData (package:flutter/src/rendering/object.dart:6095:5)
#140    _RenderObjectSemantics._collectChildMergeUpAndSiblingGroup (package:flutter/src/rendering/object.dart:6019:22)
#141    _RenderObjectSemantics.updateChildren (package:flutter/src/rendering/object.dart:5844:50)
#142    PipelineOwner.flushSemantics (package:flutter/src/rendering/object.dart:1489:25)
#143    PipelineOwner.flushSemantics (package:flutter/src/rendering/object.dart:1653:15)
#144    AutomatedTestWidgetsFlutterBinding.drawFrame (package:flutter_test/src/binding.dart:2445:35)
#145    RendererBinding._handlePersistentFrameCallback (package:flutter/src/rendering/binding.dart:558:5)
#146    SchedulerBinding._invokeFrameCallback (package:flutter/src/scheduler/binding.dart:1430:15)
#147    SchedulerBinding.handleDrawFrame (package:flutter/src/scheduler/binding.dart:1345:9)
#148    AutomatedTestWidgetsFlutterBinding.pump.<anonymous closure> (package:flutter_test/src/binding.dart:2261:9)
#151    TestAsyncUtils.guard (package:flutter_test/src/test_async_utils.dart:74:41)
#152    AutomatedTestWidgetsFlutterBinding.pump (package:flutter_test/src/binding.dart:2250:27)
#153    WidgetTester.pumpAndSettle.<anonymous closure> (package:flutter_test/src/widget_tester.dart:719:23)
#156    TestAsyncUtils.guard (package:flutter_test/src/test_async_utils.dart:74:41)
#157    WidgetTester.pumpAndSettle (package:flutter_test/src/widget_tester.dart:712:27)
#158    _pumpGolden (file:///C:/dev/ahdash11/mobile/test/visual/v10_phase_b_golden_test.dart:441:16)
<asynchronous suspension>
#159    registerVisualTests.<anonymous closure> (file:///C:/dev/ahdash11/mobile/test/visual/v10_phase_b_golden_test.dart:184:7)
<asynchronous suspension>
#160    testWidgets.<anonymous closure>.<anonymous closure> (package:flutter_test/src/widget_tester.dart:192:15)
<asynchronous suspension>
#161    TestWidgetsFlutterBinding._runTestBody (package:flutter_test/src/binding.dart:1953:5)
<asynchronous suspension>
<asynchronous suspension>
(elided 7 frames from class _AssertionError, dart:async, and package:stack_trace)
════════════════════════════════════════════════════════════════════════════════════════════════════
══╡ EXCEPTION CAUGHT BY FLUTTER TEST FRAMEWORK ╞════════════════════════════════════════════════════
The following TestFailure was thrown running a test:
Expected: null
  Actual: 'Multiple exceptions (21) were detected during the running of the current test, and at
least one was unexpected.'

When the exception was thrown, this was the stack:
#4      _pumpGolden (file:///C:/dev/ahdash11/mobile/test/visual/v10_phase_b_golden_test.dart:467:3)
<asynchronous suspension>
#5      registerVisualTests.<anonymous closure> (file:///C:/dev/ahdash11/mobile/test/visual/v10_phase_b_golden_test.dart:184:7)
<asynchronous suspension>
#6      testWidgets.<anonymous closure>.<anonymous closure> (package:flutter_test/src/widget_tester.dart:192:15)
<asynchronous suspension>
#7      TestWidgetsFlutterBinding._runTestBody (package:flutter_test/src/binding.dart:1953:5)
<asynchronous suspension>
<asynchronous suspension>
(elided one frame from package:stack_trace)

This was caught by the test expectation on the following line:
  file:///C:/dev/ahdash11/mobile/test/visual/v10_phase_b_golden_test.dart line 467
The test description was:
  V10 Phase B 15_reveal_390x844
════════════════════════════════════════════════════════════════════════════════════════════════════
00:04 +12 -1: 360x800_scale1.3 party V10 Phase B 15_reveal_390x844 [E]
  Test failed. See exception logs above.
  The test description was: V10 Phase B 15_reveal_390x844
  
00:04 +12 -1: 360x800_scale1.3 party V10 Phase B 16_result_390x844
00:04 +13 -1: 360x800_scale1.3 party (tearDownAll)
00:04 +13 -1: 360x800_scale1.3 tournament (setUpAll)
00:04 +13 -1: 360x800_scale1.3 tournament tournament hub 360x800 light
══╡ EXCEPTION CAUGHT BY RENDERING LIBRARY ╞═════════════════════════════════════════════════════════
The following assertion was thrown during layout:
A RenderFlex overflowed by 5.0 pixels on the bottom.

The relevant error-causing widget was:
  Column
  Column:file:///C:/dev/ahdash11/mobile/lib/features/tournament/presentation/tournament_screens.dart:2123:20

The overflowing RenderFlex has an orientation of Axis.vertical.
The edge of the RenderFlex that is overflowing has been marked in the rendering with a yellow and
black striped pattern. This is usually caused by the contents being too big for the RenderFlex.
Consider applying a flex factor (e.g. using an Expanded widget) to force the children of the
RenderFlex to fit within the available space instead of being sized to their natural size.
This is considered an error condition because it indicates that there is content that cannot be
seen. If the content is legitimately bigger than the available space, consider clipping it with a
ClipRect widget before putting it in the flex, or using a scrollable container rather than a Flex,
like a ListView.
The specific RenderFlex in question is: RenderFlex#3f224 OVERFLOWING:
  creator: Column ← Padding ← DecoratedBox ← Container ← Positioned ← Stack ← _V10TournamentHubBody ←
    Expanded ← Column ← Padding ← ConstrainedBox ← Center ← ⋯
  parentData: offset=Offset(21.0, 14.0) (can use size)
  constraints: BoxConstraints(w=270.0, h=91.0)
  size: Size(270.0, 91.0)
  direction: vertical
  mainAxisAlignment: spaceBetween
  mainAxisSize: max
  crossAxisAlignment: center
  verticalDirection: down
  spacing: 0.0
◢◤◢◤◢◤◢◤◢◤◢◤◢◤◢◤◢◤◢◤◢◤◢◤◢◤◢◤◢◤◢◤◢◤◢◤◢◤◢◤◢◤◢◤◢◤◢◤◢◤◢◤◢◤◢◤◢◤◢◤◢◤◢◤◢◤◢◤◢◤◢◤◢◤◢◤◢◤◢◤◢◤◢◤◢◤◢◤◢◤◢◤◢◤◢◤◢◤◢◤
════════════════════════════════════════════════════════════════════════════════════════════════════
══╡ EXCEPTION CAUGHT BY RENDERING LIBRARY ╞═════════════════════════════════════════════════════════
The following assertion was thrown during layout:
A RenderFlex overflowed by 13 pixels on the bottom.

The relevant error-causing widget was:
  Column
  Column:file:///C:/dev/ahdash11/mobile/lib/features/tournament/presentation/tournament_screens.dart:2193:22

The overflowing RenderFlex has an orientation of Axis.vertical.
The edge of the RenderFlex that is overflowing has been marked in the rendering with a yellow and
black striped pattern. This is usually caused by the contents being too big for the RenderFlex.
Consider applying a flex factor (e.g. using an Expanded widget) to force the children of the
RenderFlex to fit within the available space instead of being sized to their natural size.
This is considered an error condition because it indicates that there is content that cannot be
seen. If the content is legitimately bigger than the available space, consider clipping it with a
ClipRect widget before putting it in the flex, or using a scrollable container rather than a Flex,
like a ListView.
The specific RenderFlex in question is: RenderFlex#27a49 OVERFLOWING:
  creator: Column ← Padding ← DecoratedBox ← Container ← Positioned ← Stack ← _V10TournamentHubBody ←
    Expanded ← Column ← Padding ← ConstrainedBox ← Center ← ⋯
  parentData: offset=Offset(17.0, 13.0) (can use size)
  constraints: BoxConstraints(w=278.0, h=85.0)
  size: Size(278.0, 85.0)
  direction: vertical
  mainAxisAlignment: start
  mainAxisSize: max
  crossAxisAlignment: center
  verticalDirection: down
  spacing: 0.0
◢◤◢◤◢◤◢◤◢◤◢◤◢◤◢◤◢◤◢◤◢◤◢◤◢◤◢◤◢◤◢◤◢◤◢◤◢◤◢◤◢◤◢◤◢◤◢◤◢◤◢◤◢◤◢◤◢◤◢◤◢◤◢◤◢◤◢◤◢◤◢◤◢◤◢◤◢◤◢◤◢◤◢◤◢◤◢◤◢◤◢◤◢◤◢◤◢◤◢◤
════════════════════════════════════════════════════════════════════════════════════════════════════
══╡ EXCEPTION CAUGHT BY FLUTTER TEST FRAMEWORK ╞════════════════════════════════════════════════════
The following TestFailure was thrown running a test:
Expected: null
  Actual: 'Multiple exceptions (2) were detected during the running of the current test, and at
least one was unexpected.'

When the exception was thrown, this was the stack:
#4      verifyVisual (file:///C:/dev/ahdash11/mobile/test/helpers/visual_test_variant.dart:22:3)
#5      registerVisualTests.<anonymous closure> (file:///C:/dev/ahdash11/mobile/test/visual/tournament_golden_test.dart:118:15)
<asynchronous suspension>
#6      testWidgets.<anonymous closure>.<anonymous closure> (package:flutter_test/src/widget_tester.dart:192:15)
<asynchronous suspension>
#7      TestWidgetsFlutterBinding._runTestBody (package:flutter_test/src/binding.dart:1953:5)
<asynchronous suspension>
<asynchronous suspension>
(elided one frame from package:stack_trace)

This was caught by the test expectation on the following line:
  file:///C:/dev/ahdash11/mobile/test/helpers/visual_test_variant.dart line 22
The test description was:
  tournament hub 360x800 light
════════════════════════════════════════════════════════════════════════════════════════════════════
00:05 +13 -2: 360x800_scale1.3 tournament tournament hub 360x800 light [E]
  Test failed. See exception logs above.
  The test description was: tournament hub 360x800 light
  
00:05 +13 -2: 360x800_scale1.3 tournament tournament create 360x800 light
00:05 +14 -2: 360x800_scale1.3 tournament tournament teams 360x800 light
00:05 +15 -2: 360x800_scale1.3 tournament tournament draw 360x800 light
00:05 +16 -2: 360x800_scale1.3 tournament tournament bracket 360x800 light
══╡ EXCEPTION CAUGHT BY RENDERING LIBRARY ╞═════════════════════════════════════════════════════════
The following assertion was thrown during layout:
A RenderFlex overflowed by 3.0 pixels on the bottom.

The relevant error-causing widget was:
  Column
  Column:file:///C:/dev/ahdash11/mobile/lib/features/tournament/presentation/tournament_screens.dart:2910:18

The overflowing RenderFlex has an orientation of Axis.vertical.
The edge of the RenderFlex that is overflowing has been marked in the rendering with a yellow and
black striped pattern. This is usually caused by the contents being too big for the RenderFlex.
Consider applying a flex factor (e.g. using an Expanded widget) to force the children of the
RenderFlex to fit within the available space instead of being sized to their natural size.
This is considered an error condition because it indicates that there is content that cannot be
seen. If the content is legitimately bigger than the available space, consider clipping it with a
ClipRect widget before putting it in the flex, or using a scrollable container rather than a Flex,
like a ListView.
The specific RenderFlex in question is: RenderFlex#88b1e relayoutBoundary=up15 OVERFLOWING:
  creator: Column ← Padding ← DecoratedBox ← ConstrainedBox ← Container ← Listener ←
    RawGestureDetector ← GestureDetector ← Semantics ← DefaultSelectionStyle ← Builder ← MouseRegion ←
    ⋯
  parentData: offset=Offset(16.0, 10.0) (can use size)
  constraints: BoxConstraints(0.0<=w<=280.0, h=68.0)
  size: Size(280.0, 68.0)
  direction: vertical
  mainAxisAlignment: spaceEvenly
  mainAxisSize: max
  crossAxisAlignment: center
  verticalDirection: down
  spacing: 0.0
◢◤◢◤◢◤◢◤◢◤◢◤◢◤◢◤◢◤◢◤◢◤◢◤◢◤◢◤◢◤◢◤◢◤◢◤◢◤◢◤◢◤◢◤◢◤◢◤◢◤◢◤◢◤◢◤◢◤◢◤◢◤◢◤◢◤◢◤◢◤◢◤◢◤◢◤◢◤◢◤◢◤◢◤◢◤◢◤◢◤◢◤◢◤◢◤◢◤◢◤
════════════════════════════════════════════════════════════════════════════════════════════════════
══╡ EXCEPTION CAUGHT BY RENDERING LIBRARY ╞═════════════════════════════════════════════════════════
The following assertion was thrown during layout:
A RenderFlex overflowed by 3.0 pixels on the bottom.

The relevant error-causing widget was:
  Column
  Column:file:///C:/dev/ahdash11/mobile/lib/features/tournament/presentation/tournament_screens.dart:2910:18

The overflowing RenderFlex has an orientation of Axis.vertical.
The edge of the RenderFlex that is overflowing has been marked in the rendering with a yellow and
black striped pattern. This is usually caused by the contents being too big for the RenderFlex.
Consider applying a flex factor (e.g. using an Expanded widget) to force the children of the
RenderFlex to fit within the available space instead of being sized to their natural size.
This is considered an error condition because it indicates that there is content that cannot be
seen. If the content is legitimately bigger than the available space, consider clipping it with a
ClipRect widget before putting it in the flex, or using a scrollable container rather than a Flex,
like a ListView.
The specific RenderFlex in question is: RenderFlex#99ded relayoutBoundary=up15 OVERFLOWING:
  creator: Column ← Padding ← DecoratedBox ← ConstrainedBox ← Container ← Listener ←
    RawGestureDetector ← GestureDetector ← Semantics ← DefaultSelectionStyle ← Builder ← MouseRegion ←
    ⋯
  parentData: offset=Offset(16.0, 10.0) (can use size)
  constraints: BoxConstraints(0.0<=w<=280.0, h=68.0)
  size: Size(280.0, 68.0)
  direction: vertical
  mainAxisAlignment: spaceEvenly
  mainAxisSize: max
  crossAxisAlignment: center
  verticalDirection: down
  spacing: 0.0
◢◤◢◤◢◤◢◤◢◤◢◤◢◤◢◤◢◤◢◤◢◤◢◤◢◤◢◤◢◤◢◤◢◤◢◤◢◤◢◤◢◤◢◤◢◤◢◤◢◤◢◤◢◤◢◤◢◤◢◤◢◤◢◤◢◤◢◤◢◤◢◤◢◤◢◤◢◤◢◤◢◤◢◤◢◤◢◤◢◤◢◤◢◤◢◤◢◤◢◤
════════════════════════════════════════════════════════════════════════════════════════════════════
══╡ EXCEPTION CAUGHT BY FLUTTER TEST FRAMEWORK ╞════════════════════════════════════════════════════
The following TestFailure was thrown running a test:
Expected: null
  Actual: 'Multiple exceptions (2) were detected during the running of the current test, and at
least one was unexpected.'

When the exception was thrown, this was the stack:
#4      verifyVisual (file:///C:/dev/ahdash11/mobile/test/helpers/visual_test_variant.dart:22:3)
#5      registerVisualTests.<anonymous closure> (file:///C:/dev/ahdash11/mobile/test/visual/tournament_golden_test.dart:118:15)
<asynchronous suspension>
#6      testWidgets.<anonymous closure>.<anonymous closure> (package:flutter_test/src/widget_tester.dart:192:15)
<asynchronous suspension>
#7      TestWidgetsFlutterBinding._runTestBody (package:flutter_test/src/binding.dart:1953:5)
<asynchronous suspension>
<asynchronous suspension>
(elided one frame from package:stack_trace)

This was caught by the test expectation on the following line:
  file:///C:/dev/ahdash11/mobile/test/helpers/visual_test_variant.dart line 22
The test description was:
  tournament bracket 360x800 light
════════════════════════════════════════════════════════════════════════════════════════════════════
00:06 +16 -3: 360x800_scale1.3 tournament tournament bracket 360x800 light [E]
  Test failed. See exception logs above.
  The test description was: tournament bracket 360x800 light
  
00:06 +16 -3: 360x800_scale1.3 tournament tournament semifinal 360x800 light
══╡ EXCEPTION CAUGHT BY RENDERING LIBRARY ╞═════════════════════════════════════════════════════════
The following assertion was thrown during layout:
A RenderFlex overflowed by 3.0 pixels on the bottom.

The relevant error-causing widget was:
  Column
  Column:file:///C:/dev/ahdash11/mobile/lib/features/tournament/presentation/tournament_screens.dart:2910:18

The overflowing RenderFlex has an orientation of Axis.vertical.
The edge of the RenderFlex that is overflowing has been marked in the rendering with a yellow and
black striped pattern. This is usually caused by the contents being too big for the RenderFlex.
Consider applying a flex factor (e.g. using an Expanded widget) to force the children of the
RenderFlex to fit within the available space instead of being sized to their natural size.
This is considered an error condition because it indicates that there is content that cannot be
seen. If the content is legitimately bigger than the available space, consider clipping it with a
ClipRect widget before putting it in the flex, or using a scrollable container rather than a Flex,
like a ListView.
The specific RenderFlex in question is: RenderFlex#454c4 relayoutBoundary=up15 OVERFLOWING:
  creator: Column ← Padding ← DecoratedBox ← ConstrainedBox ← Container ← Listener ←
    RawGestureDetector ← GestureDetector ← Semantics ← DefaultSelectionStyle ← Builder ← MouseRegion ←
    ⋯
  parentData: offset=Offset(16.0, 10.0) (can use size)
  constraints: BoxConstraints(0.0<=w<=280.0, h=68.0)
  size: Size(280.0, 68.0)
  direction: vertical
  mainAxisAlignment: spaceEvenly
  mainAxisSize: max
  crossAxisAlignment: center
  verticalDirection: down
  spacing: 0.0
◢◤◢◤◢◤◢◤◢◤◢◤◢◤◢◤◢◤◢◤◢◤◢◤◢◤◢◤◢◤◢◤◢◤◢◤◢◤◢◤◢◤◢◤◢◤◢◤◢◤◢◤◢◤◢◤◢◤◢◤◢◤◢◤◢◤◢◤◢◤◢◤◢◤◢◤◢◤◢◤◢◤◢◤◢◤◢◤◢◤◢◤◢◤◢◤◢◤◢◤
════════════════════════════════════════════════════════════════════════════════════════════════════
══╡ EXCEPTION CAUGHT BY RENDERING LIBRARY ╞═════════════════════════════════════════════════════════
The following assertion was thrown during layout:
A RenderFlex overflowed by 3.0 pixels on the bottom.

The relevant error-causing widget was:
  Column
  Column:file:///C:/dev/ahdash11/mobile/lib/features/tournament/presentation/tournament_screens.dart:2910:18

The overflowing RenderFlex has an orientation of Axis.vertical.
The edge of the RenderFlex that is overflowing has been marked in the rendering with a yellow and
black striped pattern. This is usually caused by the contents being too big for the RenderFlex.
Consider applying a flex factor (e.g. using an Expanded widget) to force the children of the
RenderFlex to fit within the available space instead of being sized to their natural size.
This is considered an error condition because it indicates that there is content that cannot be
seen. If the content is legitimately bigger than the available space, consider clipping it with a
ClipRect widget before putting it in the flex, or using a scrollable container rather than a Flex,
like a ListView.
The specific RenderFlex in question is: RenderFlex#88a50 relayoutBoundary=up15 OVERFLOWING:
  creator: Column ← Padding ← DecoratedBox ← ConstrainedBox ← Container ← Listener ←
    RawGestureDetector ← GestureDetector ← Semantics ← DefaultSelectionStyle ← Builder ← MouseRegion ←
    ⋯
  parentData: offset=Offset(16.0, 10.0) (can use size)
  constraints: BoxConstraints(0.0<=w<=280.0, h=68.0)
  size: Size(280.0, 68.0)
  direction: vertical
  mainAxisAlignment: spaceEvenly
  mainAxisSize: max
  crossAxisAlignment: center
  verticalDirection: down
  spacing: 0.0
◢◤◢◤◢◤◢◤◢◤◢◤◢◤◢◤◢◤◢◤◢◤◢◤◢◤◢◤◢◤◢◤◢◤◢◤◢◤◢◤◢◤◢◤◢◤◢◤◢◤◢◤◢◤◢◤◢◤◢◤◢◤◢◤◢◤◢◤◢◤◢◤◢◤◢◤◢◤◢◤◢◤◢◤◢◤◢◤◢◤◢◤◢◤◢◤◢◤◢◤
════════════════════════════════════════════════════════════════════════════════════════════════════
══╡ EXCEPTION CAUGHT BY FLUTTER TEST FRAMEWORK ╞════════════════════════════════════════════════════
The following TestFailure was thrown running a test:
Expected: null
  Actual: 'Multiple exceptions (2) were detected during the running of the current test, and at
least one was unexpected.'

When the exception was thrown, this was the stack:
#4      verifyVisual (file:///C:/dev/ahdash11/mobile/test/helpers/visual_test_variant.dart:22:3)
#5      registerVisualTests.<anonymous closure> (file:///C:/dev/ahdash11/mobile/test/visual/tournament_golden_test.dart:118:15)
<asynchronous suspension>
#6      testWidgets.<anonymous closure>.<anonymous closure> (package:flutter_test/src/widget_tester.dart:192:15)
<asynchronous suspension>
#7      TestWidgetsFlutterBinding._runTestBody (package:flutter_test/src/binding.dart:1953:5)
<asynchronous suspension>
<asynchronous suspension>
(elided one frame from package:stack_trace)

This was caught by the test expectation on the following line:
  file:///C:/dev/ahdash11/mobile/test/helpers/visual_test_variant.dart line 22
The test description was:
  tournament semifinal 360x800 light
════════════════════════════════════════════════════════════════════════════════════════════════════
00:06 +16 -4: 360x800_scale1.3 tournament tournament semifinal 360x800 light [E]
  Test failed. See exception logs above.
  The test description was: tournament semifinal 360x800 light
  
00:06 +16 -4: 360x800_scale1.3 tournament tournament finalMatch 360x800 light
══╡ EXCEPTION CAUGHT BY FLUTTER TEST FRAMEWORK ╞════════════════════════════════════════════════════
The following TestFailure was thrown running a test:
Expected: null
  Actual: FlutterError:<A RenderFlex overflowed by 3.0 pixels on the bottom.>

When the exception was thrown, this was the stack:
#4      verifyVisual (file:///C:/dev/ahdash11/mobile/test/helpers/visual_test_variant.dart:22:3)
#5      registerVisualTests.<anonymous closure> (file:///C:/dev/ahdash11/mobile/test/visual/tournament_golden_test.dart:118:15)
<asynchronous suspension>
#6      testWidgets.<anonymous closure>.<anonymous closure> (package:flutter_test/src/widget_tester.dart:192:15)
<asynchronous suspension>
#7      TestWidgetsFlutterBinding._runTestBody (package:flutter_test/src/binding.dart:1953:5)
<asynchronous suspension>
<asynchronous suspension>
(elided one frame from package:stack_trace)

This was caught by the test expectation on the following line:
  file:///C:/dev/ahdash11/mobile/test/helpers/visual_test_variant.dart line 22
The test description was:
  tournament finalMatch 360x800 light
════════════════════════════════════════════════════════════════════════════════════════════════════
00:06 +16 -5: 360x800_scale1.3 tournament tournament finalMatch 360x800 light [E]
  Test failed. See exception logs above.
  The test description was: tournament finalMatch 360x800 light
  
00:06 +16 -5: 360x800_scale1.3 tournament tournament match 360x800 light
══╡ EXCEPTION CAUGHT BY FLUTTER TEST FRAMEWORK ╞════════════════════════════════════════════════════
The following TestFailure was thrown running a test:
Expected: null
  Actual: FlutterError:<A RenderFlex overflowed by 2.0 pixels on the bottom.>

When the exception was thrown, this was the stack:
#4      verifyVisual (file:///C:/dev/ahdash11/mobile/test/helpers/visual_test_variant.dart:22:3)
#5      registerVisualTests.<anonymous closure> (file:///C:/dev/ahdash11/mobile/test/visual/tournament_golden_test.dart:118:15)
<asynchronous suspension>
#6      testWidgets.<anonymous closure>.<anonymous closure> (package:flutter_test/src/widget_tester.dart:192:15)
<asynchronous suspension>
#7      TestWidgetsFlutterBinding._runTestBody (package:flutter_test/src/binding.dart:1953:5)
<asynchronous suspension>
<asynchronous suspension>
(elided one frame from package:stack_trace)

This was caught by the test expectation on the following line:
  file:///C:/dev/ahdash11/mobile/test/helpers/visual_test_variant.dart line 22
The test description was:
  tournament match 360x800 light
════════════════════════════════════════════════════════════════════════════════════════════════════
00:06 +16 -6: 360x800_scale1.3 tournament tournament match 360x800 light [E]
  Test failed. See exception logs above.
  The test description was: tournament match 360x800 light
  
00:06 +16 -6: 360x800_scale1.3 tournament tournament champion 360x800 light
00:06 +17 -6: 360x800_scale1.3 tournament tournament create keyboard 360x800
00:06 +18 -6: 360x800_scale1.3 tournament (tearDownAll)
00:06 +18 -6: 360x800_scale1.3 discovery (setUpAll)
00:07 +18 -6: 360x800_scale1.3 discovery phase D howTo 360x800
══╡ EXCEPTION CAUGHT BY FLUTTER TEST FRAMEWORK ╞════════════════════════════════════════════════════
The following TestFailure was thrown running a test:
Expected: a numeric value within <0.01> of <13.0>
  Actual: <10.0>
   Which:  differs by <3.0>
Text scaling was overridden: Text("١", inherit: true, color: Color(alpha: 1.0000, red: 0.1176,
green: 0.4784, blue: 0.2588, colorSpace: ColorSpace.sRGB), weight: 900)

When the exception was thrown, this was the stack:
#4      verifyVisual (file:///C:/dev/ahdash11/mobile/test/helpers/visual_test_variant.dart:29:5)
#5      registerVisualTests.<anonymous closure> (file:///C:/dev/ahdash11/mobile/test/visual/v10_phase_d_golden_test.dart:143:15)
<asynchronous suspension>
#6      testWidgets.<anonymous closure>.<anonymous closure> (package:flutter_test/src/widget_tester.dart:192:15)
<asynchronous suspension>
#7      TestWidgetsFlutterBinding._runTestBody (package:flutter_test/src/binding.dart:1953:5)
<asynchronous suspension>
<asynchronous suspension>
(elided one frame from package:stack_trace)

This was caught by the test expectation on the following line:
  file:///C:/dev/ahdash11/mobile/test/helpers/visual_test_variant.dart line 29
The test description was:
  phase D howTo 360x800
════════════════════════════════════════════════════════════════════════════════════════════════════
00:07 +18 -7: 360x800_scale1.3 discovery phase D howTo 360x800 [E]
  Test failed. See exception logs above.
  The test description was: phase D howTo 360x800
  
00:07 +18 -7: 360x800_scale1.3 discovery phase D savedGames 360x800
══╡ EXCEPTION CAUGHT BY RENDERING LIBRARY ╞═════════════════════════════════════════════════════════
The following assertion was thrown during layout:
A RenderFlex overflowed by 13 pixels on the bottom.

The relevant error-causing widget was:
  Column
  Column:file:///C:/dev/ahdash11/mobile/lib/features/party/presentation/party_support_screens.dart:521:36

The overflowing RenderFlex has an orientation of Axis.vertical.
The edge of the RenderFlex that is overflowing has been marked in the rendering with a yellow and
black striped pattern. This is usually caused by the contents being too big for the RenderFlex.
Consider applying a flex factor (e.g. using an Expanded widget) to force the children of the
RenderFlex to fit within the available space instead of being sized to their natural size.
This is considered an error condition because it indicates that there is content that cannot be
seen. If the content is legitimately bigger than the available space, consider clipping it with a
ClipRect widget before putting it in the flex, or using a scrollable container rather than a Flex,
like a ListView.
The specific RenderFlex in question is: RenderFlex#cce5d OVERFLOWING:
  creator: Column ← Padding ← DecoratedBox ← ConstrainedBox ← Container ← RepaintBoundary ←
    IndexedSemantics ← _SelectionKeepAlive ← NotificationListener<KeepAliveNotification> ← KeepAlive ←
    AutomaticKeepAlive ← KeyedSubtree ← ⋯
  parentData: offset=Offset(17.0, 17.0) (can use size)
  constraints: BoxConstraints(w=278.0, h=142.0)
  size: Size(278.0, 142.0)
  direction: vertical
  mainAxisAlignment: start
  mainAxisSize: max
  crossAxisAlignment: stretch
  verticalDirection: down
  spacing: 0.0
◢◤◢◤◢◤◢◤◢◤◢◤◢◤◢◤◢◤◢◤◢◤◢◤◢◤◢◤◢◤◢◤◢◤◢◤◢◤◢◤◢◤◢◤◢◤◢◤◢◤◢◤◢◤◢◤◢◤◢◤◢◤◢◤◢◤◢◤◢◤◢◤◢◤◢◤◢◤◢◤◢◤◢◤◢◤◢◤◢◤◢◤◢◤◢◤◢◤◢◤
════════════════════════════════════════════════════════════════════════════════════════════════════
══╡ EXCEPTION CAUGHT BY RENDERING LIBRARY ╞═════════════════════════════════════════════════════════
The following assertion was thrown during layout:
A RenderFlex overflowed by 13 pixels on the bottom.

The relevant error-causing widget was:
  Column
  Column:file:///C:/dev/ahdash11/mobile/lib/features/party/presentation/party_support_screens.dart:521:36

The overflowing RenderFlex has an orientation of Axis.vertical.
The edge of the RenderFlex that is overflowing has been marked in the rendering with a yellow and
black striped pattern. This is usually caused by the contents being too big for the RenderFlex.
Consider applying a flex factor (e.g. using an Expanded widget) to force the children of the
RenderFlex to fit within the available space instead of being sized to their natural size.
This is considered an error condition because it indicates that there is content that cannot be
seen. If the content is legitimately bigger than the available space, consider clipping it with a
ClipRect widget before putting it in the flex, or using a scrollable container rather than a Flex,
like a ListView.
The specific RenderFlex in question is: RenderFlex#f411a OVERFLOWING:
  creator: Column ← Padding ← DecoratedBox ← ConstrainedBox ← Container ← RepaintBoundary ←
    IndexedSemantics ← _SelectionKeepAlive ← NotificationListener<KeepAliveNotification> ← KeepAlive ←
    AutomaticKeepAlive ← KeyedSubtree ← ⋯
  parentData: offset=Offset(17.0, 17.0) (can use size)
  constraints: BoxConstraints(w=278.0, h=142.0)
  size: Size(278.0, 142.0)
  direction: vertical
  mainAxisAlignment: start
  mainAxisSize: max
  crossAxisAlignment: stretch
  verticalDirection: down
  spacing: 0.0
◢◤◢◤◢◤◢◤◢◤◢◤◢◤◢◤◢◤◢◤◢◤◢◤◢◤◢◤◢◤◢◤◢◤◢◤◢◤◢◤◢◤◢◤◢◤◢◤◢◤◢◤◢◤◢◤◢◤◢◤◢◤◢◤◢◤◢◤◢◤◢◤◢◤◢◤◢◤◢◤◢◤◢◤◢◤◢◤◢◤◢◤◢◤◢◤◢◤◢◤
════════════════════════════════════════════════════════════════════════════════════════════════════
══╡ EXCEPTION CAUGHT BY FLUTTER TEST FRAMEWORK ╞════════════════════════════════════════════════════
The following TestFailure was thrown running a test:
Expected: null
  Actual: 'Multiple exceptions (2) were detected during the running of the current test, and at
least one was unexpected.'

When the exception was thrown, this was the stack:
#4      registerVisualTests.<anonymous closure> (file:///C:/dev/ahdash11/mobile/test/visual/v10_phase_d_golden_test.dart:142:9)
<asynchronous suspension>
#5      testWidgets.<anonymous closure>.<anonymous closure> (package:flutter_test/src/widget_tester.dart:192:15)
<asynchronous suspension>
#6      TestWidgetsFlutterBinding._runTestBody (package:flutter_test/src/binding.dart:1953:5)
<asynchronous suspension>
<asynchronous suspension>
(elided one frame from package:stack_trace)

This was caught by the test expectation on the following line:
  file:///C:/dev/ahdash11/mobile/test/visual/v10_phase_d_golden_test.dart line 142
The test description was:
  phase D savedGames 360x800
════════════════════════════════════════════════════════════════════════════════════════════════════
00:07 +18 -8: 360x800_scale1.3 discovery phase D savedGames 360x800 [E]
  Test failed. See exception logs above.
  The test description was: phase D savedGames 360x800
  
00:07 +18 -8: 360x800_scale1.3 discovery phase D matchSetup 360x800
00:07 +19 -8: 360x800_scale1.3 discovery phase D solo 360x800
00:07 +20 -8: 360x800_scale1.3 discovery phase D teamChallenge 360x800
00:07 +21 -8: 360x800_scale1.3 discovery phase D ranking 360x800
00:07 +22 -8: 360x800_scale1.3 discovery phase D friends 360x800
00:08 +23 -8: 360x800_scale1.3 discovery phase D friendsKeyboard 360x800
00:08 +24 -8: 360x800_scale1.3 discovery phase D blocked 360x800
00:08 +25 -8: 360x800_scale1.3 discovery phase D teamDetail 360x800
00:08 +26 -8: 360x800_scale1.3 discovery (tearDownAll)
00:08 +26 -8: 360x800_scale1.3 account (setUpAll)
00:08 +26 -8: 360x800_scale1.3 account phase E profile 390x844
══╡ EXCEPTION CAUGHT BY FLUTTER TEST FRAMEWORK ╞════════════════════════════════════════════════════
The following TestFailure was thrown running a test:
Expected: Size:<Size(360.0, 800.0)>
  Actual: Size:<Size(390.0, 844.0)>

When the exception was thrown, this was the stack:
#4      verifyVisual (file:///C:/dev/ahdash11/mobile/test/helpers/visual_test_variant.dart:32:3)
#5      registerVisualTests.<anonymous closure> (file:///C:/dev/ahdash11/mobile/test/visual/v10_phase_e_golden_test.dart:138:15)
<asynchronous suspension>
#6      testWidgets.<anonymous closure>.<anonymous closure> (package:flutter_test/src/widget_tester.dart:192:15)
<asynchronous suspension>
#7      TestWidgetsFlutterBinding._runTestBody (package:flutter_test/src/binding.dart:1953:5)
<asynchronous suspension>
<asynchronous suspension>
(elided one frame from package:stack_trace)

This was caught by the test expectation on the following line:
  file:///C:/dev/ahdash11/mobile/test/helpers/visual_test_variant.dart line 32
The test description was:
  phase E profile 390x844
════════════════════════════════════════════════════════════════════════════════════════════════════
00:09 +26 -9: 360x800_scale1.3 account phase E profile 390x844 [E]
  Test failed. See exception logs above.
  The test description was: phase E profile 390x844
  
00:09 +26 -9: 360x800_scale1.3 account phase E notifications 390x844
══╡ EXCEPTION CAUGHT BY FLUTTER TEST FRAMEWORK ╞════════════════════════════════════════════════════
The following TestFailure was thrown running a test:
Expected: Size:<Size(360.0, 800.0)>
  Actual: Size:<Size(390.0, 844.0)>

When the exception was thrown, this was the stack:
#4      verifyVisual (file:///C:/dev/ahdash11/mobile/test/helpers/visual_test_variant.dart:32:3)
#5      registerVisualTests.<anonymous closure> (file:///C:/dev/ahdash11/mobile/test/visual/v10_phase_e_golden_test.dart:138:15)
<asynchronous suspension>
#6      testWidgets.<anonymous closure>.<anonymous closure> (package:flutter_test/src/widget_tester.dart:192:15)
<asynchronous suspension>
#7      TestWidgetsFlutterBinding._runTestBody (package:flutter_test/src/binding.dart:1953:5)
<asynchronous suspension>
<asynchronous suspension>
(elided one frame from package:stack_trace)

This was caught by the test expectation on the following line:
  file:///C:/dev/ahdash11/mobile/test/helpers/visual_test_variant.dart line 32
The test description was:
  phase E notifications 390x844
════════════════════════════════════════════════════════════════════════════════════════════════════
00:09 +26 -10: 360x800_scale1.3 account phase E notifications 390x844 [E]
  Test failed. See exception logs above.
  The test description was: phase E notifications 390x844
  
00:09 +26 -10: 360x800_scale1.3 account phase E settings 390x844
══╡ EXCEPTION CAUGHT BY FLUTTER TEST FRAMEWORK ╞════════════════════════════════════════════════════
The following TestFailure was thrown running a test:
Expected: Size:<Size(360.0, 800.0)>
  Actual: Size:<Size(390.0, 844.0)>

When the exception was thrown, this was the stack:
#4      verifyVisual (file:///C:/dev/ahdash11/mobile/test/helpers/visual_test_variant.dart:32:3)
#5      registerVisualTests.<anonymous closure> (file:///C:/dev/ahdash11/mobile/test/visual/v10_phase_e_golden_test.dart:138:15)
<asynchronous suspension>
#6      testWidgets.<anonymous closure>.<anonymous closure> (package:flutter_test/src/widget_tester.dart:192:15)
<asynchronous suspension>
#7      TestWidgetsFlutterBinding._runTestBody (package:flutter_test/src/binding.dart:1953:5)
<asynchronous suspension>
<asynchronous suspension>
(elided one frame from package:stack_trace)

This was caught by the test expectation on the following line:
  file:///C:/dev/ahdash11/mobile/test/helpers/visual_test_variant.dart line 32
The test description was:
  phase E settings 390x844
════════════════════════════════════════════════════════════════════════════════════════════════════
00:09 +26 -11: 360x800_scale1.3 account phase E settings 390x844 [E]
  Test failed. See exception logs above.
  The test description was: phase E settings 390x844
  
00:09 +26 -11: 360x800_scale1.3 account phase E report 390x844
══╡ EXCEPTION CAUGHT BY FLUTTER TEST FRAMEWORK ╞════════════════════════════════════════════════════
The following TestFailure was thrown running a test:
Expected: Size:<Size(360.0, 800.0)>
  Actual: Size:<Size(390.0, 844.0)>

When the exception was thrown, this was the stack:
#4      verifyVisual (file:///C:/dev/ahdash11/mobile/test/helpers/visual_test_variant.dart:32:3)
#5      registerVisualTests.<anonymous closure> (file:///C:/dev/ahdash11/mobile/test/visual/v10_phase_e_golden_test.dart:138:15)
<asynchronous suspension>
#6      testWidgets.<anonymous closure>.<anonymous closure> (package:flutter_test/src/widget_tester.dart:192:15)
<asynchronous suspension>
#7      TestWidgetsFlutterBinding._runTestBody (package:flutter_test/src/binding.dart:1953:5)
<asynchronous suspension>
<asynchronous suspension>
(elided one frame from package:stack_trace)

This was caught by the test expectation on the following line:
  file:///C:/dev/ahdash11/mobile/test/helpers/visual_test_variant.dart line 32
The test description was:
  phase E report 390x844
════════════════════════════════════════════════════════════════════════════════════════════════════
00:09 +26 -12: 360x800_scale1.3 account phase E report 390x844 [E]
  Test failed. See exception logs above.
  The test description was: phase E report 390x844
  
00:09 +26 -12: 360x800_scale1.3 account phase E reportKeyboard 390x844
══╡ EXCEPTION CAUGHT BY FLUTTER TEST FRAMEWORK ╞════════════════════════════════════════════════════
The following TestFailure was thrown running a test:
Expected: Size:<Size(360.0, 800.0)>
  Actual: Size:<Size(390.0, 844.0)>

When the exception was thrown, this was the stack:
#4      verifyVisual (file:///C:/dev/ahdash11/mobile/test/helpers/visual_test_variant.dart:32:3)
#5      registerVisualTests.<anonymous closure> (file:///C:/dev/ahdash11/mobile/test/visual/v10_phase_e_golden_test.dart:138:15)
<asynchronous suspension>
#6      testWidgets.<anonymous closure>.<anonymous closure> (package:flutter_test/src/widget_tester.dart:192:15)
<asynchronous suspension>
#7      TestWidgetsFlutterBinding._runTestBody (package:flutter_test/src/binding.dart:1953:5)
<asynchronous suspension>
<asynchronous suspension>
(elided one frame from package:stack_trace)

This was caught by the test expectation on the following line:
  file:///C:/dev/ahdash11/mobile/test/helpers/visual_test_variant.dart line 32
The test description was:
  phase E reportKeyboard 390x844
════════════════════════════════════════════════════════════════════════════════════════════════════
00:10 +26 -13: 360x800_scale1.3 account phase E reportKeyboard 390x844 [E]
  Test failed. See exception logs above.
  The test description was: phase E reportKeyboard 390x844
  
00:10 +26 -13: 360x800_scale1.3 account phase E football 390x844
══╡ EXCEPTION CAUGHT BY FLUTTER TEST FRAMEWORK ╞════════════════════════════════════════════════════
The following TestFailure was thrown running a test:
Expected: Size:<Size(360.0, 800.0)>
  Actual: Size:<Size(390.0, 844.0)>

When the exception was thrown, this was the stack:
#4      verifyVisual (file:///C:/dev/ahdash11/mobile/test/helpers/visual_test_variant.dart:32:3)
#5      registerVisualTests.<anonymous closure> (file:///C:/dev/ahdash11/mobile/test/visual/v10_phase_e_golden_test.dart:138:15)
<asynchronous suspension>
#6      testWidgets.<anonymous closure>.<anonymous closure> (package:flutter_test/src/widget_tester.dart:192:15)
<asynchronous suspension>
#7      TestWidgetsFlutterBinding._runTestBody (package:flutter_test/src/binding.dart:1953:5)
<asynchronous suspension>
<asynchronous suspension>
(elided one frame from package:stack_trace)

This was caught by the test expectation on the following line:
  file:///C:/dev/ahdash11/mobile/test/helpers/visual_test_variant.dart line 32
The test description was:
  phase E football 390x844
════════════════════════════════════════════════════════════════════════════════════════════════════
00:10 +26 -14: 360x800_scale1.3 account phase E football 390x844 [E]
  Test failed. See exception logs above.
  The test description was: phase E football 390x844
  
00:10 +26 -14: 360x800_scale1.3 account phase E footballKeyboard 390x844
══╡ EXCEPTION CAUGHT BY FLUTTER TEST FRAMEWORK ╞════════════════════════════════════════════════════
The following TestFailure was thrown running a test:
Expected: Size:<Size(360.0, 800.0)>
  Actual: Size:<Size(390.0, 844.0)>

When the exception was thrown, this was the stack:
#4      verifyVisual (file:///C:/dev/ahdash11/mobile/test/helpers/visual_test_variant.dart:32:3)
#5      registerVisualTests.<anonymous closure> (file:///C:/dev/ahdash11/mobile/test/visual/v10_phase_e_golden_test.dart:138:15)
<asynchronous suspension>
#6      testWidgets.<anonymous closure>.<anonymous closure> (package:flutter_test/src/widget_tester.dart:192:15)
<asynchronous suspension>
#7      TestWidgetsFlutterBinding._runTestBody (package:flutter_test/src/binding.dart:1953:5)
<asynchronous suspension>
<asynchronous suspension>
(elided one frame from package:stack_trace)

This was caught by the test expectation on the following line:
  file:///C:/dev/ahdash11/mobile/test/helpers/visual_test_variant.dart line 32
The test description was:
  phase E footballKeyboard 390x844
════════════════════════════════════════════════════════════════════════════════════════════════════
00:10 +26 -15: 360x800_scale1.3 account phase E footballKeyboard 390x844 [E]
  Test failed. See exception logs above.
  The test description was: phase E footballKeyboard 390x844
  
00:10 +26 -15: 360x800_scale1.3 account phase E premium 390x844
══╡ EXCEPTION CAUGHT BY FLUTTER TEST FRAMEWORK ╞════════════════════════════════════════════════════
The following TestFailure was thrown running a test:
Expected: Size:<Size(360.0, 800.0)>
  Actual: Size:<Size(390.0, 844.0)>

When the exception was thrown, this was the stack:
#4      verifyVisual (file:///C:/dev/ahdash11/mobile/test/helpers/visual_test_variant.dart:32:3)
#5      registerVisualTests.<anonymous closure> (file:///C:/dev/ahdash11/mobile/test/visual/v10_phase_e_golden_test.dart:138:15)
<asynchronous suspension>
#6      testWidgets.<anonymous closure>.<anonymous closure> (package:flutter_test/src/widget_tester.dart:192:15)
<asynchronous suspension>
#7      TestWidgetsFlutterBinding._runTestBody (package:flutter_test/src/binding.dart:1953:5)
<asynchronous suspension>
<asynchronous suspension>
(elided one frame from package:stack_trace)

This was caught by the test expectation on the following line:
  file:///C:/dev/ahdash11/mobile/test/helpers/visual_test_variant.dart line 32
The test description was:
  phase E premium 390x844
════════════════════════════════════════════════════════════════════════════════════════════════════
00:11 +26 -16: 360x800_scale1.3 account phase E premium 390x844 [E]
  Test failed. See exception logs above.
  The test description was: phase E premium 390x844
  
00:11 +26 -16: 360x800_scale1.3 account phase E premiumLoading 390x844
══╡ EXCEPTION CAUGHT BY FLUTTER TEST FRAMEWORK ╞════════════════════════════════════════════════════
The following TestFailure was thrown running a test:
Expected: Size:<Size(360.0, 800.0)>
  Actual: Size:<Size(390.0, 844.0)>

When the exception was thrown, this was the stack:
#4      verifyVisual (file:///C:/dev/ahdash11/mobile/test/helpers/visual_test_variant.dart:32:3)
#5      registerVisualTests.<anonymous closure> (file:///C:/dev/ahdash11/mobile/test/visual/v10_phase_e_golden_test.dart:138:15)
<asynchronous suspension>
#6      testWidgets.<anonymous closure>.<anonymous closure> (package:flutter_test/src/widget_tester.dart:192:15)
<asynchronous suspension>
#7      TestWidgetsFlutterBinding._runTestBody (package:flutter_test/src/binding.dart:1953:5)
<asynchronous suspension>
<asynchronous suspension>
(elided one frame from package:stack_trace)

This was caught by the test expectation on the following line:
  file:///C:/dev/ahdash11/mobile/test/helpers/visual_test_variant.dart line 32
The test description was:
  phase E premiumLoading 390x844
════════════════════════════════════════════════════════════════════════════════════════════════════
00:11 +26 -17: 360x800_scale1.3 account phase E premiumLoading 390x844 [E]
  Test failed. See exception logs above.
  The test description was: phase E premiumLoading 390x844
  
00:11 +26 -17: 360x800_scale1.3 account phase E profile 360x800
00:11 +27 -17: 360x800_scale1.3 account phase E notifications 360x800
00:11 +28 -17: 360x800_scale1.3 account phase E settings 360x800
00:11 +29 -17: 360x800_scale1.3 account phase E report 360x800
00:11 +30 -17: 360x800_scale1.3 account phase E reportKeyboard 360x800
00:11 +31 -17: 360x800_scale1.3 account phase E football 360x800
00:11 +32 -17: 360x800_scale1.3 account phase E footballKeyboard 360x800
00:11 +33 -17: 360x800_scale1.3 account phase E premium 360x800
00:11 +34 -17: 360x800_scale1.3 account phase E premiumLoading 360x800
00:11 +35 -17: 360x800_scale1.3 account (tearDownAll)
00:11 +35 -17: Some tests failed.

Failing tests:
  C:/dev/ahdash11/mobile/test/visual/global_refinement_responsive_test.dart: 360x800_scale1.3 account phase E football 390x844
  C:/dev/ahdash11/mobile/test/visual/global_refinement_responsive_test.dart: 360x800_scale1.3 account phase E footballKeyboard 390x844
  C:/dev/ahdash11/mobile/test/visual/global_refinement_responsive_test.dart: 360x800_scale1.3 account phase E notifications 390x844
  C:/dev/ahdash11/mobile/test/visual/global_refinement_responsive_test.dart: 360x800_scale1.3 account phase E premium 390x844
  ... and 13 more
